voter,team,bias1,bias2,bias3,bias0_ap,bias0_mean,n
kirk-bohls,kansas-state-wildcats,-0.4287068952693073,-0.4497777913091378,-0.4624253571177634,-4.409090909090909,-4.259545454545455,66
sam-mckewon,utah-utes,-0.3597382615704436,-0.5768311864629575,-0.5474826992825118,-2.8536585365853657,-4.062951219512195,82
soren-petro,michigan-wolverines,-0.2085132297491372,-0.4213595201312066,-0.3991390675060865,-2.358490566037736,-3.907962264150944,53
nathan-baird,penn-state-nittany-lions,-0.338216247824698,-0.5583526510133392,-0.5589996652712915,-2.3529411764705883,-3.726980392156863,51
scott-wolf,florida-state-seminoles,-0.1208716727283978,-0.7747186261783193,-0.7226700903601488,-1.7222222222222223,-3.6783703703703705,54
kirk-bohls,boise-state-broncos,-0.2634346179405821,-0.2912554607735658,-0.3090119301714388,-3.3846153846153846,-3.515057692307692,52
kirk-bohls,ucf-knights,-0.1853557418459452,-0.283377092196853,-0.2830990475887164,-2.576923076923077,-3.389230769230769,52
sam-mckewon,iowa-hawkeyes,-0.1447325617058612,-0.3112977078863377,-0.3119982631373801,-2.2063492063492065,-3.3535079365079365,63
eric-hansen,cincinnati-bearcats,-0.2296397867100518,-0.612026116322572,-0.5993666524095249,-1.6,-3.3257200000000005,50
eric-hansen,ole-miss-rebels,-0.3358443132286144,-0.6912460445417768,-0.6893677619517004,-1.3448275862068966,-3.27951724137931,58
tom-murphy,mississippi-state-bulldogs,-0.2048553374962267,-0.5071772813138966,-0.4832377613961834,-2.574074074074074,-3.244092592592592,54
matt-brown,miami-fl-hurricanes,-0.1661278533414756,-0.4017351946559188,-0.3828161389693897,-1.3703703703703705,-3.230462962962963,54
jon-wilner,texas-am-aggies,-0.4524251587340729,-0.7106329946232545,-0.7096635831135722,-2.4302325581395348,-3.223325581395348,86
soren-petro,auburn-tigers,-0.1199212706149443,-0.3197751447474061,-0.3215429771547973,-1.490566037735849,-3.162811320754716,53
tom-murphy,florida-gators,-0.1463357202334313,-0.3558469159201414,-0.3393756725643532,-1.6404494382022472,-3.16076404494382,89
jon-wilner,lsu-tigers,-0.418993407188039,-0.8979137642957958,-0.8968036516716168,-1.6218487394957983,-3.1581932773109247,119
gary-horowitz,penn-state-nittany-lions,-0.1177865750234171,-0.423086796614068,-0.3949622788632076,-1.1228070175438596,-3.1570526315789476,57
don-williams,lsu-tigers,0.0161641673738448,-0.5752588669933807,-0.5539618088005185,-1.0806451612903225,-3.1511612903225807,62
dylan-sinn,penn-state-nittany-lions,-0.1999215288422665,-0.4283329870306227,-0.4155006087386577,-1.576271186440678,-3.1478644067796613,59
sam-mckewon,usc-trojans,-0.1870828242836917,-0.3380935857200724,-0.3324384407660867,-2.3292682926829267,-3.143975609756098,82
jerry-dipaola,lsu-tigers,-0.0777065581448612,-0.5810684494584311,-0.571698426117183,-1.6615384615384616,-3.126123076923077,65
brian-howell,usc-trojans,-0.1939927308050877,-0.4678042974529164,-0.4430875656278132,-1.4266666666666667,-3.1183599999999996,75
bob-asmussen,michigan-state-spartans,-0.2110150026779603,-0.514805036456093,-0.4891875808599014,-1.4516129032258065,-3.101596774193549,62
ross-dellenger,oklahoma-sooners,-0.3755984539053424,-0.8561616936477514,-0.8247895010762658,-1.4166666666666667,-3.098933333333333,60
don-williams,wisconsin-badgers,-0.1691519613756,-0.3295434809202238,-0.3284587272909071,-1.7058823529411764,-3.0988431372549017,51
steve-batterson,ohio-state-buckeyes,-0.2921637004970338,-1.133530434804393,-1.081406575677409,-1.0208333333333333,-3.083979166666667,144
rob-long,penn-state-nittany-lions,-0.1348573185233802,-0.446586676183805,-0.4187892053203785,-1.0689655172413792,-3.043827586206896,58
eric-hansen,stanford-cardinal,-0.1670641805840519,-0.3377632239628612,-0.3284440816769468,-1.8333333333333333,-3.0366166666666667,60
eric-hansen,miami-fl-hurricanes,-0.1347842678539374,-0.3473314491017771,-0.3299842823078949,-1.509433962264151,-3.020396226415094,53
aaron-mcmann,florida-gators,-0.0568899928628435,-0.3596584750342668,-0.333000428744207,-0.6730769230769231,-3.020346153846155,52
matt-baker,auburn-tigers,-0.1002687600210819,-0.3379244284542255,-0.3324651277639566,-0.8235294117647058,-2.9992941176470587,51
tom-murphy,baylor-bears,-0.1985608860110665,-0.6803959193756023,-0.6186344358831585,-0.9420289855072465,-2.984942028985507,69
rob-long,notre-dame-fighting-irish,-0.14817293839706,-0.6004922290165169,-0.5722224118037998,-0.8421052631578947,-2.983821052631578,95
marc-weiszer,florida-state-seminoles,-0.1607117299922682,-0.4444102661060238,-0.4411889147793807,-1.4444444444444444,-2.9766190476190477,63
ross-dellenger,florida-state-seminoles,-0.1853048111570456,-0.9804430046698396,-0.8844206192831514,-1.0185185185185186,-2.9746666666666663,54
brian-howell,cincinnati-bearcats,-0.1056133860403539,-0.4207252457114052,-0.4141135887436207,-1.3333333333333333,-2.938166666666667,54
keith-sargeant,notre-dame-fighting-irish,-0.1905114211146114,-0.6075773171029274,-0.586899037596944,-0.7457627118644068,-2.9263728813559324,59
rob-long,michigan-state-spartans,-0.2815363426797427,-0.6236571059808876,-0.6001200369780504,-1.181818181818182,-2.922963636363636,55
jon-wilner,texas-longhorns,-0.2303916185480151,-0.6017384053376958,-0.5716543039404484,-1.4931506849315068,-2.915821917808219,73
nathan-baird,michigan-wolverines,-0.1422411587444267,-0.5320125536632178,-0.5142029735655036,-1.2407407407407407,-2.894981481481482,54
sam-mckewon,wisconsin-badgers,-0.1565642098069181,-0.3661054007267588,-0.3657482866896935,-1.5161290322580645,-2.8929677419354833,93
dave-reardon,wisconsin-badgers,-0.1828033492775798,-0.4208828468215793,-0.4242508577118373,-1.411764705882353,-2.880254901960785,51
don-williams,michigan-wolverines,-0.1809678230266465,-0.8102536185450656,-0.7377428098510934,-0.9058823529411764,-2.8765529411764708,85
brian-howell,oklahoma-sooners,-0.1368520286056047,-0.4962834287431347,-0.4765564503620549,-1.0875912408759123,-2.8745839416058394,137
eric-hansen,notre-dame-fighting-irish,-0.0822818476702337,-0.4612820934462326,-0.4359075285922947,-0.7264957264957265,-2.872350427350428,117
andy-greder,oklahoma-state-cowboys,-0.1277821945147239,-0.2983743596229964,-0.2914918439462974,-1.551282051282051,-2.8714871794871795,78
sam-mckewon,michigan-wolverines,-0.1389342281267704,-0.5502430326229112,-0.5188779387629779,-0.8725490196078431,-2.864901960784314,102
scott-wolf,wisconsin-badgers,-0.1134588326564029,-0.3614391892616844,-0.3613602446143611,-1.0192307692307692,-2.859615384615385,52
scott-wolf,lsu-tigers,-0.422814017175558,-0.6360754424760571,-0.6569782711342781,-1.8867924528301887,-2.844037735849057,53
adam-jude,utah-utes,-0.1833311151501027,-0.2252829078120056,-0.2266473013820672,-2.892857142857143,-2.8438928571428574,56
pete-martini,oregon-ducks,-0.1806237164583211,-0.4207547059806003,-0.3964450344106459,-1.1666666666666667,-2.8343703703703707,54
adam-zucker,miami-fl-hurricanes,-0.1037721150570907,-0.3220048105120986,-0.3054369848612356,-1.1320754716981132,-2.8192452830188683,53
john-bednarowski,notre-dame-fighting-irish,0.0129275169275169,-0.4740692657988152,-0.4579842934842933,-0.4,-2.80318,50
chris-murray,ucla-bruins,-0.1180293734824425,-0.2729585736286056,-0.265776500424838,-1.3,-2.7988000000000004,50
pat-dooley,penn-state-nittany-lions,-0.111875516046639,-0.4184138901395561,-0.3838561706455036,-0.7454545454545455,-2.7948181818181825,55
brian-howell,notre-dame-fighting-irish,-0.0760771630487339,-0.4512250781436676,-0.4315973475612794,-0.536,-2.7919600000000004,125
kirk-bohls,lsu-tigers,-0.1120190619340608,-0.5073860787374546,-0.5002932919018235,-1.0535714285714286,-2.786482142857143,112
andy-greder,oregon-ducks,-0.1227387487665348,-0.3166750607639161,-0.3025090946050709,-1.3380281690140845,-2.785492957746478,71
steve-batterson,oregon-ducks,-0.1143365532523066,-0.4139799222678043,-0.3963031190626815,-1.0736842105263158,-2.7820736842105265,95
tom-dangelo,notre-dame-fighting-irish,-0.0325348207583745,-0.3887097154972785,-0.3621972082659284,-0.4044943820224719,-2.775067415730337,89
don-williams,oklahoma-sooners,-0.0741328574344692,-0.416637661492369,-0.4003295748022671,-0.872093023255814,-2.762837209302326,86
tom-dangelo,penn-state-nittany-lions,-0.0964517273364617,-0.3407260827696873,-0.3339887002997267,-0.9846153846153848,-2.7562769230769235,65
kellis-robinett,oklahoma-sooners,-0.4013710822759673,-1.0321647633515618,-0.981769468983428,-0.8695652173913043,-2.7556956521739124,69
adam-zucker,michigan-state-spartans,-0.0692270944052091,-0.3368938509046507,-0.3194138652671333,-0.9428571428571428,-2.7512571428571433,70
soren-petro,oklahoma-sooners,-0.1068509577146644,-0.4863742513144568,-0.4676976349999147,-1.0303030303030305,-2.7369090909090907,66
jon-wilner,miami-fl-hurricanes,-0.1135539549768814,-0.329097212429032,-0.3209592027927534,-1.1754385964912282,-2.72219298245614,57
bob-asmussen,ohio-state-buckeyes,-0.2618525933863477,-1.138302661428514,-1.1010309611869027,-0.6644295302013423,-2.714563758389262,149
don-williams,florida-gators,-0.0732456727104445,-0.3238037302087346,-0.3021228618410162,-1.0,-2.7144032258064517,62
colten-bartholomew,oregon-ducks,-0.1322140001352364,-0.3900977897642645,-0.3660350920819515,-1.0,-2.707728813559322,59
nathan-baird,oregon-ducks,-0.0962985357722199,-0.3349446261537138,-0.3161739819634556,-0.8771929824561403,-2.7069824561403504,57
don-williams,texas-longhorns,-0.0960472829852961,-0.2730847721274104,-0.2679843812741249,-1.6216216216216215,-2.7037837837837837,74
conor-oneill,notre-dame-fighting-irish,-0.0513745421245421,-0.5600020580259856,-0.5395394882894883,-0.3,-2.7031800000000006,50
tom-dangelo,oklahoma-sooners,-0.1052081328250813,-0.4514730855130257,-0.4363320856109499,-0.7317073170731707,-2.6956463414634144,82
lauren-brownlow,oregon-ducks,-0.1644064390774917,-0.3777497382859809,-0.3587254912738004,-1.2407407407407407,-2.6917222222222223,54
tom-murphy,tcu-horned-frogs,-0.0737100929939583,-0.4609482707811107,-0.4264793030014173,-0.7377049180327869,-2.6895081967213117,61
eric-hansen,utah-utes,-0.2936366287812025,-0.4295334755676366,-0.4111777286914475,-2.4505494505494507,-2.671857142857143,91
jon-wilner,oregon-ducks,-0.0435197306327337,-0.3827062741416458,-0.3681543025196276,-0.8468468468468469,-2.645765765765766,111
soren-petro,clemson-tigers,-0.2676767676767677,-1.5646237373737373,-1.5126262626262628,-0.5,-2.6443787878787877,66
ryan-aber,oklahoma-state-cowboys,-0.1036419190026962,-0.2999701631496771,-0.289974316925887,-0.9285714285714286,-2.642257142857143,70
gary-horowitz,georgia-bulldogs,-0.0957723033187429,-0.5610102985658594,-0.5167030134314012,-0.5512820512820513,-2.6351666666666667,78
eric-hansen,usc-trojans,-0.1319163246241251,-0.2594486460444018,-0.2607720961903051,-1.7972972972972974,-2.63477027027027,74
matt-brown,usc-trojans,-0.158861142621231,-0.3802653392488758,-0.3623103447205178,-1.2816901408450705,-2.6273943661971835,71
scott-hamilton,clemson-tigers,-0.10578231292517,-1.0847674603174604,-1.0272486772486773,-0.4126984126984127,-2.624460317460317,63
don-williams,iowa-hawkeyes,-0.1294650094912905,-0.2156331322925309,-0.2181436146283824,-2.2419354838709675,-2.6184032258064516,62
brett-mcmurphy,texas-am-aggies,-0.1757401370907899,-0.4214380678112819,-0.4117709232059078,-1.0666666666666669,-2.5986,75
andy-greder,lsu-tigers,-0.0435420766031645,-0.4606353689905861,-0.4476144271058451,-1.178082191780822,-2.59713698630137,73
kirk-bohls,baylor-bears,-0.098237388511988,-0.4463187830923691,-0.4126680984669947,-0.6376811594202898,-2.5896521739130436,69
tom-dangelo,iowa-hawkeyes,-0.1030236797590272,-0.287771317106045,-0.2859691147420009,-1.3275862068965518,-2.5892413793103453,58
conor-oneill,clemson-tigers,-0.4833333333333333,-1.9389283333333336,-1.893333333333333,-0.54,-2.58732,50
dave-reardon,lsu-tigers,-0.139195589613791,-0.719265194374892,-0.6991240955034564,-0.803030303030303,-2.587166666666667,66
john-clay,iowa-hawkeyes,-0.0713459816602279,-0.2312457959167236,-0.2317578365801339,-1.3571428571428572,-2.5871,70
eric-hansen,auburn-tigers,-0.1290554708093218,-0.4171507755412294,-0.4076627220225295,-0.6219512195121951,-2.5857560975609752,82
jon-wilner,michigan-state-spartans,-0.164606745961788,-0.4959191034660319,-0.4800195647327542,-0.6571428571428571,-2.583871428571429,70
kirk-bohls,north-carolina-state-wolfpack,-0.1802290165937023,-0.1977245513205597,-0.199663673585803,-2.72,-2.5728799999999996,50
chuck-carlton,oklahoma-state-cowboys,-0.0926207247948902,-0.2885699920333245,-0.279736140791122,-0.8472222222222222,-2.57275,72
michael-lev,tennessee-volunteers,-0.1624629946850673,-0.3717457789396803,-0.3671060470047481,-1.3333333333333333,-2.572351851851852,54
tom-murphy,ole-miss-rebels,-0.0514239850141857,-0.2546073768429465,-0.2469635747736134,-0.8089887640449438,-2.5722696629213484,89
tom-dangelo,texas-am-aggies,-0.1254023274111509,-0.367408782464753,-0.3473023756298591,-1.14,-2.57,50
steve-wiseman,clemson-tigers,-0.3777670888782,-1.322742132776073,-1.291535059590615,-0.5185185185185185,-2.569129629629629,54
john-clay,florida-state-seminoles,-0.1025475321429318,-0.4361228507426963,-0.4286428413211384,-0.5344827586206896,-2.566706896551725,58
robert-cessna,florida-state-seminoles,-0.1685275492954193,-0.8786640433418774,-0.8218924684351558,-0.5526315789473685,-2.562013157894737,76
andy-greder,cincinnati-bearcats,-0.1531978727779663,-0.3785734042269801,-0.3755174730457933,-1.8823529411764703,-2.560205882352941,68
michael-lev,washington-huskies,-0.169846957430991,-0.482813726047191,-0.4772902109957261,-0.75,-2.556607142857142,84
brian-howell,florida-state-seminoles,-0.1486976693647783,-0.4461425498551852,-0.4413699712221752,-0.9365079365079364,-2.5485396825396824,63
john-clay,florida-gators,-0.0451792971600018,-0.2726286289282459,-0.2510832895159114,-0.7011494252873564,-2.5479080459770116,87
mike-barber,ohio-state-buckeyes,-0.1940972222222222,-0.8965149503968254,-0.9041522366522368,-0.45,-2.5410125,80
steve-batterson,wisconsin-badgers,-0.1041335780356528,-0.3034027089459249,-0.30520106491533,-1.0943396226415094,-2.5375000000000005,106
steve-wiseman,georgia-bulldogs,-0.0566396725879484,-1.5487467351915578,-1.4342914987311537,-0.293103448275862,-2.533327586206896,58
aaron-mcmann,georgia-bulldogs,-0.0896193844469706,-1.212695068277827,-1.1645906137285449,-0.3103448275862069,-2.5285402298850577,87
kellis-robinett,oklahoma-state-cowboys,-0.1153476485719452,-0.3142903847444343,-0.305371995535611,-0.98,-2.5275,50
ferd-lewis,georgia-bulldogs,-0.0375504797180589,-0.4714504656012402,-0.4378994036926031,-0.3928571428571428,-2.5270892857142857,56
brent-axe,georgia-bulldogs,-0.0686895956332212,-0.4964029517061354,-0.4741043091347441,-0.4915254237288136,-2.524627118644067,59
tom-murphy,auburn-tigers,-0.0700689083639199,-0.2874764010952111,-0.2862311572249345,-0.9565217391304348,-2.523423913043478,92
nathan-baird,ohio-state-buckeyes,-0.6546107331821617,-1.506906060606061,-1.5215116012735062,-0.6984126984126984,-2.5179206349206353,63
jerry-dipaola,washington-huskies,-0.0486634341150883,-0.2992314362619316,-0.2791583995568696,-0.7627118644067796,-2.5172881355932204,59
dylan-sinn,ohio-state-buckeyes,-0.43881360185708,-1.1732483010266883,-1.1857895727460943,-0.6086956521739131,-2.5123913043478265,69
matt-baker,lsu-tigers,-0.0235072850035522,-0.4782838646517078,-0.4634719343130409,-0.5512820512820513,-2.511858974358975,78
sam-mckewon,notre-dame-fighting-irish,-0.0574077795225061,-0.4599406967091127,-0.439773119877642,-0.3271028037383177,-2.5065327102803745,107
rece-davis,texas-longhorns,-0.052216654322436,-0.4135989146717552,-0.3838327316797821,-0.5409836065573771,-2.5056557377049185,61
don-williams,alabama-crimson-tide,-0.1498301868199827,-1.4584784613062671,-1.4261096046810335,-0.3877551020408163,-2.5054489795918373,98
rece-davis,ole-miss-rebels,-0.0423350954600954,-0.2154015107137868,-0.212144163968259,-0.8653846153846154,-2.504615384615385,52
garry-smits,ohio-state-buckeyes,0.1562589292428002,-0.7244363557402009,-0.6521975336491466,-0.2903225806451613,-2.502161290322581,62
soren-petro,florida-gators,-0.0452554944514008,-0.3170030770262364,-0.2911819204963751,-0.6296296296296297,-2.4907222222222227,54
tom-dangelo,texas-longhorns,-0.0836467970400571,-0.2895696758314556,-0.2838007357997578,-1.2156862745098038,-2.488803921568627,51
ron-counts,ohio-state-buckeyes,-0.3041346646185356,-1.0731558755760369,-1.0889470744309455,-0.5483870967741935,-2.4843064516129036,62
ross-dellenger,ohio-state-buckeyes,0.2167803051244421,-0.6794004433221202,-0.6024294977468352,-0.203125,-2.480734375,64
michael-lev,baylor-bears,-0.1610447555241606,-0.6198128147248445,-0.5681845527397916,-0.4927536231884058,-2.477855072463768,69
jerry-dipaola,oklahoma-state-cowboys,-0.0890992360497738,-0.2149242168341483,-0.2128568183761589,-1.4181818181818182,-2.4767454545454552,55
kirk-bohls,utah-utes,-0.1816180558637781,-0.3717664010571017,-0.3555747278390754,-0.9901960784313726,-2.473460784313726,102
jon-wilner,notre-dame-fighting-irish,-0.0806367385942549,-0.4826652737753771,-0.4583320543115864,-0.1259259259259259,-2.4724222222222227,135
matt-mccoy,oklahoma-sooners,-0.1107193874013095,-0.4685169984864043,-0.4558527180796239,-0.7684210526315789,-2.472021052631579,95
matt-baker,wisconsin-badgers,-0.0857388661201275,-0.2997048613753626,-0.2983665024261985,-1.0144927536231885,-2.4688985507246373,69
soren-petro,penn-state-nittany-lions,-0.0574445385274262,-0.3539141884078691,-0.3179486034495885,-0.4181818181818181,-2.4675454545454545,55
michael-lev,florida-state-seminoles,-0.015557263152026,-0.6297350368608031,-0.573856489576802,-0.4805194805194805,-2.466402597402597,77
keith-sargeant,michigan-wolverines,-0.0880035523067836,-0.4512283274606986,-0.4140331885562629,-0.6428571428571429,-2.4604107142857146,56
blair-kerkhoff,oregon-ducks,-0.0788402750705982,-0.3500064016654728,-0.3261071962190437,-0.5492957746478874,-2.4564225352112685,71
tom-murphy,miami-fl-hurricanes,-0.0473639881910398,-0.2320810145382932,-0.2233646212801742,-0.9365079365079364,-2.456380952380952,63
jon-wilner,utah-utes,-0.2513266750313054,-0.4705391576942771,-0.4478575554323948,-1.0679611650485437,-2.455563106796117,103
chris-murray,cincinnati-bearcats,-0.1516849699711297,-0.4568766252131899,-0.4451033097621079,-1.1694915254237288,-2.448966101694916,59
mike-barber,penn-state-nittany-lions,-0.0575501268304161,-0.2805987857083694,-0.2753112359363017,-0.6615384615384615,-2.448123076923077,65
jerry-dipaola,florida-gators,-0.0596634801335054,-0.3184768338576442,-0.2955615265560015,-0.5757575757575758,-2.4470909090909094,66
lauren-brownlow,penn-state-nittany-lions,-0.0081472737920701,-0.3073574394210612,-0.2797358749847437,-0.4461538461538462,-2.446307692307692,65
ryan-aber,penn-state-nittany-lions,-0.0241251924833049,-0.309252309328376,-0.2902796185431506,-0.4285714285714285,-2.4454505494505496,91
brent-axe,notre-dame-fighting-irish,-0.0528622812761468,-0.4270074883790565,-0.4070846607873918,-0.1607142857142857,-2.4445714285714284,56
kellis-robinett,notre-dame-fighting-irish,-0.0738662099549196,-0.4636013728197264,-0.4407843625298434,-0.1290322580645161,-2.442451612903226,62
chris-murray,florida-gators,-0.027470636528614,-0.2551101876785202,-0.2370050389420973,-0.5232558139534884,-2.4392558139534883,86
zach-klein,alabama-crimson-tide,-0.03955525606469,-0.871889732437374,-0.8414656098618363,-0.2830188679245283,-2.437584905660377,53
jon-wilner,florida-gators,-0.1512764432330315,-0.3832663389752195,-0.3625994508007379,-0.956043956043956,-2.4364505494505493,91
matt-murschel,michigan-wolverines,-0.0620499183192681,-0.8270016774400825,-0.747588631412161,-0.2549019607843137,-2.435666666666666,51
steve-batterson,oklahoma-state-cowboys,-0.0818441568578159,-0.2481148822029445,-0.2417721456486436,-1.0736842105263158,-2.4348105263157898,95
trevor-hass,oklahoma-sooners,-0.0461226122150491,-0.3463004426433179,-0.3203958194219237,-0.5178571428571429,-2.432660714285714,56
adam-zucker,washington-huskies,-0.0883556613933452,-0.414741799422373,-0.4104105362425566,-0.5625,-2.4309375,64
dylan-sinn,clemson-tigers,-0.2028226375211164,-1.295748513260393,-1.2692553810537388,-0.7424242424242424,-2.4290757575757578,66
steve-batterson,michigan-state-spartans,-0.0783016996630874,-0.3542922823857516,-0.3316354445064567,-0.6081081081081081,-2.426054054054054,74
rece-davis,auburn-tigers,-0.0970348028868991,-0.3141467642181595,-0.3158762058715246,-0.4821428571428571,-2.4223214285714287,56
jon-wilner,usc-trojans,-0.0585939315203743,-0.2597502484801193,-0.2511543734606417,-0.9891304347826086,-2.422141304347826,92
robert-gagliardi,oklahoma-sooners,-0.0548426215361699,-0.4339759620862619,-0.4125712996680739,-0.5645161290322581,-2.4188548387096773,62
adam-jude,wisconsin-badgers,-0.0812080884237188,-0.337994485414444,-0.333702745175704,-0.639344262295082,-2.4186885245901646,61
ryan-aber,auburn-tigers,-0.167270686900941,-0.3916401281999054,-0.4012085201700401,-0.6140350877192983,-2.4174210526315787,57
scott-wolf,clemson-tigers,0.1630148153011204,-0.4720485543449326,-0.4462796894824516,-0.765625,-2.414546875,64
jerry-dipaola,michigan-wolverines,-0.0186882721436016,-0.3514083521432771,-0.3155672998285043,-0.3809523809523809,-2.413920634920635,63
chuck-carlton,georgia-bulldogs,-0.0530578898225957,-1.0184258983225736,-0.9797023384336716,-0.2156862745098039,-2.410970588235294,102
sam-mckewon,washington-huskies,-0.0940841338525648,-0.3712589899370176,-0.3529674023502556,-0.7971014492753623,-2.4095072463768115,69
kirk-bohls,tcu-horned-frogs,-0.3068540959979398,-0.7818452675994101,-0.7262498341109968,-0.7384615384615385,-2.4091692307692307,65
jon-wilner,wisconsin-badgers,-0.091758545407512,-0.3134261233703945,-0.3095271790799873,-1.0576923076923077,-2.4086442307692306,104
garland-gillen,mississippi-state-bulldogs,-0.1486874950564899,-0.3964188385791993,-0.3753484267606593,-2.245614035087719,-2.407649122807017,57
gary-horowitz,ohio-state-buckeyes,-0.1162248690599206,-0.9555148694664246,-0.8863047319232886,-0.2268041237113402,-2.4072268041237117,97
zach-klein,ole-miss-rebels,-0.0686862275114395,-0.2632688801882542,-0.2560119140965822,-0.64,-2.4048000000000003,50
david-briggs,cincinnati-bearcats,-0.0468757022561804,-0.2753781972046612,-0.272747608945348,-1.3064516129032258,-2.4040483870967746,62
robert-gagliardi,clemson-tigers,-0.0591332829428067,-1.0314201877047118,-0.9761211892164272,-0.1904761904761904,-2.402238095238095,63
matt-baker,ohio-state-buckeyes,-0.3554941971608638,-1.119492714178288,-1.129514312847646,-0.4188034188034188,-2.3991880341880334,117
josh-furlong,utah-utes,-0.0802110598831694,-0.2468027449328694,-0.2322035130090712,-0.890625,-2.39696875,64
rob-long,clemson-tigers,-0.0526501649720638,-1.0445774513113597,-0.9963461317944609,-0.3396226415094339,-2.394679245283019,106
garland-gillen,georgia-bulldogs,0.0201889577052754,-0.8931361728130415,-0.847254938802766,-0.2885906040268456,-2.3871812080536907,149
mike-barber,clemson-tigers,-0.1087578698316051,-0.785349293811895,-0.7604276026303423,-0.4067796610169492,-2.386677966101695,59
bob-asmussen,oregon-ducks,-0.139813102292727,-0.4252093815999888,-0.4133354480797899,-0.8773584905660378,-2.3852075471698115,106
kirk-bohls,miami-fl-hurricanes,-0.1173204729500422,-0.347561625535122,-0.3284307936170306,-0.953125,-2.383453125,64
keith-sargeant,ohio-state-buckeyes,-0.0747528225261019,-0.9430837744574364,-0.8630259446819033,-0.0641025641025641,-2.381602564102564,78
matt-brown,washington-huskies,-0.1680308829175752,-0.479225536434717,-0.4787161876482031,-0.3442622950819672,-2.376131147540983,61
brett-mcmurphy,washington-huskies,-0.0843896874762243,-0.3946971720008047,-0.3874995965192797,-0.484375,-2.375984375,64
jerry-dipaola,oklahoma-sooners,-0.0737088178714587,-0.4335353309130877,-0.4146599255259385,-0.7283950617283951,-2.3755925925925925,81
kirk-bohls,texas-am-aggies,-0.1564748000987496,-0.3654064289422861,-0.3614378421717661,-1.3452380952380951,-2.374392857142857,84
david-briggs,utah-utes,-0.0700856868191555,-0.263034778129297,-0.2458064957485663,-0.5824175824175825,-2.371593406593407,91
gary-horowitz,alabama-crimson-tide,-0.0258959253804614,-1.5357780927835052,-1.475736377025037,-0.134020618556701,-2.3704020618556703,97
john-clay,washington-huskies,-0.0731428313946019,-0.4013105239928038,-0.3860305962767627,-0.2948717948717949,-2.369038461538461,78
steve-virgen,penn-state-nittany-lions,-0.0489488992068971,-0.2723225336169814,-0.2571943244393364,-0.5,-2.3667037037037035,54
michael-lev,florida-gators,-0.0872312131073466,-0.3506441085730125,-0.3302711265745894,-0.4814814814814814,-2.3665802469135806,81
tom-murphy,utah-utes,-0.0312589704214276,-0.2071101087027957,-0.1946049761619258,-0.6526315789473685,-2.3621789473684207,95
jon-wilner,tennessee-volunteers,-0.2069130576077106,-0.461935717538366,-0.4609530933817774,-1.2307692307692308,-2.354807692307692,52
brett-mcmurphy,oregon-ducks,-0.1531283400047702,-0.5697125898660552,-0.5381604300067471,-0.4629629629629629,-2.3535740740740745,108
colten-bartholomew,ohio-state-buckeyes,-0.1603552532123961,-0.765687112622827,-0.7731481481481481,-0.4603174603174603,-2.3532063492063497,63
rob-long,oklahoma-sooners,-0.0855394225457197,-0.4529240399487958,-0.4363442501426876,-0.4466019417475728,-2.352048543689321,103
tom-murphy,alabama-crimson-tide,-0.012377841719159,-1.3203310482930242,-1.2722665059491407,-0.1616766467065868,-2.3505568862275448,167
matt-mccoy,penn-state-nittany-lions,-0.0255674552585307,-0.317798533210289,-0.2910130217792757,-0.3157894736842105,-2.350035087719298,57
michael-lev,kansas-state-wildcats,-0.109275352887666,-0.1679039323181149,-0.1753712606557454,-1.8,-2.35,60
marc-weiszer,michigan-wolverines,-0.0670600803860967,-0.5917810183806596,-0.5352750233500007,-0.360655737704918,-2.3494344262295086,122
rece-davis,clemson-tigers,-0.061810331937799,-0.9756582628607624,-0.9315231115502854,-0.25,-2.3494270833333335,96
nate-mink,oklahoma-sooners,-0.074856092829949,-0.4486205791844758,-0.4251967350649732,-0.5925925925925926,-2.3491851851851853,54
eric-hansen,georgia-bulldogs,-0.0454074809163304,-0.747894844537433,-0.7062923754913605,-0.1415929203539823,-2.348929203539823,113
don-williams,usc-trojans,-0.0997708849293155,-0.2579216098457182,-0.2441223119414082,-1.471698113207547,-2.348716981132075,53
ryan-aber,notre-dame-fighting-irish,-0.0676448219165848,-0.4798146491614048,-0.4575303120832168,-0.0294117647058823,-2.3470490196078435,102
chuck-carlton,oklahoma-sooners,-0.1093810561987032,-0.5386420854683487,-0.5084681183741013,-0.46,-2.3469,100
nate-mink,oregon-ducks,-0.0194248733722417,-0.2560968880203529,-0.2356479899243057,-0.4736842105263157,-2.346333333333333,57
chris-murray,michigan-state-spartans,-0.0703483523209308,-0.3830237282376468,-0.3616827601485938,-0.2857142857142857,-2.3439,70
bryce-miller,notre-dame-fighting-irish,0.0510144811615399,-0.3847652231294898,-0.3544970600333922,0.1764705882352941,-2.3432156862745095,51
david-briggs,ohio-state-buckeyes,-0.2220572033072033,-1.068787731270856,-1.0232625482625484,-0.277027027027027,-2.342864864864865,148
dave-reardon,ole-miss-rebels,-0.1187298721015826,-0.3572537805731883,-0.3576413015979303,-0.5178571428571429,-2.339571428571429,56
aaron-mcmann,notre-dame-fighting-irish,0.021880807215584,-0.395244319885941,-0.3709293558026755,0.1012658227848101,-2.3386835443037977,79
blair-kerkhoff,oklahoma-sooners,-0.0290779231909493,-0.3152276594023845,-0.2996728533064334,-0.5074626865671642,-2.3371641791044775,67
nate-mink,notre-dame-fighting-irish,0.0804629517991586,-0.3120713444788655,-0.2843145121162362,0.1551724137931034,-2.3343965517241374,58
robert-gagliardi,michigan-wolverines,-0.0116208605834111,-0.3773882864410477,-0.3380871434009086,-0.2307692307692307,-2.32575,52
lauren-brownlow,clemson-tigers,-0.252226946722745,-1.3692219339801344,-1.3374508882945455,-0.4155844155844156,-2.323974025974026,77
don-williams,ohio-state-buckeyes,-0.1991939484126984,-0.8800198762468776,-0.8828500781625781,-0.3958333333333333,-2.3227708333333332,96
rob-long,ohio-state-buckeyes,-0.0051597677035309,-0.7924091968178024,-0.723097993378078,-0.1588785046728972,-2.3217850467289725,107
steve-batterson,oklahoma-sooners,-0.0980576189333262,-0.5115323440949763,-0.4874195906060682,-0.3937007874015748,-2.319456692913386,127
andy-greder,ohio-state-buckeyes,-0.1493028743028743,-0.7923517136542358,-0.7824613574613576,-0.3153153153153153,-2.3189099099099093,111
zach-klein,michigan-wolverines,-0.0236568986568986,-0.8005429649691765,-0.7166132478632478,-0.2692307692307692,-2.3153076923076923,52
nate-mink,alabama-crimson-tide,0.0261183261183261,-1.214327958152958,-1.1773448773448771,-0.1363636363636363,-2.3150000000000004,66
jon-wilner,oklahoma-state-cowboys,-0.0840907480873324,-0.2559159607132075,-0.2569565647051681,-0.87,-2.3133199999999996,100
don-williams,oregon-ducks,-0.0551009506366649,-0.2823564763086814,-0.2673407697843787,-0.6071428571428571,-2.313047619047619,84
garland-gillen,auburn-tigers,-0.0814481206175452,-0.3209711964855178,-0.3173009820934311,-0.5862068965517241,-2.3127816091954023,87
eric-hansen,wisconsin-badgers,-0.0420128020730921,-0.2589121632227986,-0.2541187280381351,-0.6842105263157895,-2.3114105263157896,95
colten-bartholomew,alabama-crimson-tide,-0.0451232101232101,-1.0723352103452102,-1.0454734154734155,-0.2307692307692307,-2.3101692307692305,65
andy-greder,oklahoma-sooners,-0.0757380426889019,-0.4859228263413885,-0.4603475181586231,-0.4489795918367347,-2.309663265306122,98
scott-hamilton,ohio-state-buckeyes,0.0203262786596119,-0.8910204224787559,-0.772651114317781,0.0,-2.3076984126984126,63
nate-mink,georgia-bulldogs,-0.0207070707070707,-1.1572423335082425,-1.1158380340198524,-0.106060606060606,-2.307409090909091,66
marc-weiszer,tcu-horned-frogs,-0.0973248982851058,-0.4882540250435403,-0.441161231692885,-0.4509803921568627,-2.3062156862745096,51
dave-reardon,alabama-crimson-tide,0.0556089165464165,-1.0214111364825011,-0.9708425833425832,-0.1666666666666666,-2.30165625,96
nate-mink,ohio-state-buckeyes,-0.1325520833333333,-0.762882068452381,-0.7607142857142858,-0.46875,-2.30140625,64
tom-murphy,georgia-bulldogs,-0.0245622315736727,-0.9685173780224192,-0.9230222649801506,-0.2649006622516556,-2.3003708609271523,151
matt-brown,oregon-ducks,-0.0718282128871432,-0.2984416994125118,-0.2872666557237196,-0.6739130434782609,-2.2996630434782612,92
tom-dangelo,oklahoma-state-cowboys,-0.054558192633585,-0.2563416219973141,-0.2471860240133605,-0.4754098360655737,-2.2994754098360657,61
neill-ostrout,ohio-state-buckeyes,-0.3190538194444444,-0.9531933595482752,-0.9471235795454548,-0.390625,-2.2960312500000004,64
robert-gagliardi,ohio-state-buckeyes,0.0329743008314436,-0.8838638974781833,-0.7696551684646924,0.0158730158730158,-2.2918253968253968,63
marc-weiszer,georgia-bulldogs,-0.0063751255609379,-1.0145400729606835,-0.961900899100899,-0.168,-2.2916,125
steve-batterson,texas-longhorns,-0.1438291503817819,-0.2913556627029773,-0.2865666167935652,-1.0,-2.28996,50
aaron-mcmann,oregon-ducks,-0.0721573617468225,-0.2961644699985841,-0.2811658559219496,-0.6111111111111112,-2.287333333333333,72
tom-dangelo,oregon-ducks,-0.0560171829667978,-0.2987760566460927,-0.2815963169621706,-0.3902439024390244,-2.2858780487804875,82
steve-batterson,washington-huskies,-0.0385023961588071,-0.2928399471932324,-0.2736205398526538,-0.373134328358209,-2.2847014925373137,67
pat-dooley,florida-gators,-0.0225772421592854,-0.3029944728272155,-0.2765629345552619,-0.2549019607843137,-2.282843137254902,51
john-clay,penn-state-nittany-lions,-0.0544087650786215,-0.3278514712941729,-0.3099218280234323,-0.4363636363636363,-2.2824181818181817,110
matt-brown,texas-longhorns,-0.1038456233309174,-0.4716571617803771,-0.445867856112949,-0.4242424242424242,-2.2806060606060603,66
matt-brown,penn-state-nittany-lions,-0.0379472449803445,-0.3024112861623726,-0.2846838415063693,-0.4019607843137255,-2.2802745098039217,102
garland-gillen,ole-miss-rebels,-0.0724744668440622,-0.3022541945131734,-0.2932716004977668,-0.4137931034482758,-2.2791264367816093,87
rece-davis,lsu-tigers,-0.0231849608752623,-0.4776231146053189,-0.457242632346154,-0.4125,-2.27055,80
bryce-miller,alabama-crimson-tide,-0.065359477124183,-1.4951082788671026,-1.4539215686274511,-0.0980392156862745,-2.26978431372549,51
zach-klein,georgia-bulldogs,-0.0676100628930817,-1.958117924528302,-1.8867924528301887,-0.1320754716981132,-2.2633207547169816,53
brett-mcmurphy,utah-utes,-0.1384034861302702,-0.3459430762198441,-0.3190080310306194,-0.7254901960784313,-2.261735294117647,102
josh-furlong,lsu-tigers,0.0033657371336797,-0.5367446349266354,-0.5110853914001084,-0.4181818181818181,-2.258436363636364,55
ferd-lewis,ohio-state-buckeyes,-0.0094567325036075,-0.5442163710855117,-0.5327680132367631,-0.296875,-2.257609375,64
steve-wiseman,penn-state-nittany-lions,-0.0352477152477152,-0.2790720829586982,-0.2810945073445073,-0.2333333333333333,-2.2573333333333334,60
trevor-hass,notre-dame-fighting-irish,-0.0035458627895602,-0.368512725624075,-0.3370516763733261,-0.1111111111111111,-2.253920634920635,63
ron-counts,notre-dame-fighting-irish,0.0089672015777512,-0.4145652804943028,-0.3782431997956415,0.1698113207547169,-2.252245283018868,53
matt-mccoy,florida-state-seminoles,-0.1313120486422081,-1.011213476209856,-0.9277706920297024,-0.1132075471698113,-2.2512830188679245,53
adam-zucker,penn-state-nittany-lions,-0.0393349777021003,-0.3365429600184864,-0.3214325760547975,-0.3033707865168539,-2.2495617977528086,89
robert-cessna,michigan-state-spartans,-0.0472727853172316,-0.3108410707531234,-0.2888180292830617,-0.4657534246575342,-2.241767123287671,73
john-clay,auburn-tigers,-0.0818147803640607,-0.2616083360520975,-0.2639403001081123,-0.6666666666666666,-2.238736111111111,72
tom-murphy,lsu-tigers,-0.0747281462508039,-0.4212038870495464,-0.4166342587173572,-0.6967213114754098,-2.238188524590164,122
john-clay,alabama-crimson-tide,-0.0438258038258038,-1.3954402315247558,-1.3438311688311688,-0.1066666666666666,-2.2379466666666668,150
brian-howell,alabama-crimson-tide,0.0162085863428145,-1.266486370816072,-1.21888782358581,-0.1073825503355704,-2.2366241610738253,149
matt-mccoy,ohio-state-buckeyes,-0.0952861335089036,-0.9345067588731436,-0.8513778653738314,-0.0515463917525773,-2.231969072164948,97
aaron-mcmann,clemson-tigers,-0.0585739292385841,-0.9379942563885302,-0.8998916884992836,-0.2531645569620253,-2.231430379746836,79
bob-asmussen,georgia-bulldogs,0.0863930300468762,-0.7522549792821818,-0.6909056328287096,-0.0307692307692307,-2.2305923076923073,130
ferd-lewis,alabama-crimson-tide,-0.012085137085137,-1.6620696127946126,-1.6011784511784517,0.0,-2.229257575757576,66
gary-horowitz,notre-dame-fighting-irish,-0.0079530832415447,-0.3241507394793538,-0.3079163849808646,-0.0384615384615384,-2.22873076923077,78
tom-murphy,penn-state-nittany-lions,-0.0459775091375147,-0.3209001884473359,-0.3051521628740206,-0.3272727272727272,-2.227454545454545,110
blair-kerkhoff,alabama-crimson-tide,0.0040837854128993,-0.963666223720021,-0.9301258516448392,-0.0759493670886076,-2.2270632911392405,79
blair-kerkhoff,clemson-tigers,-0.0694073769469537,-0.7083681982524661,-0.6863424669608317,-0.6065573770491803,-2.2261311475409844,61
ryan-aber,oklahoma-sooners,-0.0534997224997224,-0.4571535848849434,-0.4326468857229726,-0.22,-2.2260899999999997,100
john-clay,baylor-bears,0.0004123940838564,-0.3376785693651562,-0.2900182981725505,-0.2352941176470588,-2.221490196078431,51
garland-gillen,alabama-crimson-tide,-0.0614865507081075,-1.4083470747538835,-1.3545997914261387,-0.029940119760479,-2.218820359281437,167
matt-baker,florida-gators,-0.0141387020924226,-0.2945634080195977,-0.2737060303076638,-0.0517241379310344,-2.216534482758621,58
john-clay,clemson-tigers,-0.0378512188294797,-0.903973409169789,-0.8665445916031199,-0.2846153846153846,-2.2163076923076925,130
josh-furlong,ohio-state-buckeyes,-0.20890756302521,-0.9177178151260506,-0.9292717086834734,-0.3294117647058823,-2.215988235294118,85
mike-barber,washington-huskies,-0.0082970922473965,-0.3342661972623388,-0.3265930855587362,-0.2586206896551724,-2.2151379310344828,58
john-clay,michigan-wolverines,0.0067884512046905,-0.4537792093943262,-0.4076884049002839,-0.2265625,-2.21428125,128
nathan-baird,georgia-bulldogs,0.082031302031302,-1.0999843604012287,-1.0472322122322122,-0.0153846153846153,-2.214123076923077,65
john-clay,wisconsin-badgers,-0.0851503256757336,-0.3362421090460454,-0.3395684426182931,-0.4767441860465116,-2.214093023255814,86
adam-zucker,oklahoma-state-cowboys,-0.0219698545444159,-0.2167285811794482,-0.209950526312426,-0.2666666666666666,-2.213966666666667,90
jerry-dipaola,ohio-state-buckeyes,-0.1266666666666666,-0.7757269487792233,-0.754535533910534,-0.2125,-2.2134625,80
matt-murschel,oregon-ducks,-0.0072425204910848,-0.2826984096779711,-0.2635051146958206,-0.2641509433962264,-2.212169811320755,53
matt-murschel,alabama-crimson-tide,-0.0176025756214435,-0.8461382524802414,-0.8083873149910886,-0.0566037735849056,-2.2111698113207545,53
trevor-hass,alabama-crimson-tide,-0.0151138716356107,-1.0083160960820448,-0.9762375305853566,-0.0869565217391304,-2.2108550724637683,69
tom-murphy,cincinnati-bearcats,-0.0457217100638153,-0.3357583961818675,-0.323526290407114,-0.7037037037037037,-2.210703703703704,54
steve-virgen,florida-gators,-0.0059121861256915,-0.2903898565524097,-0.2633256644602225,-0.0188679245283018,-2.2094150943396222,53
aaron-mcmann,alabama-crimson-tide,-0.0718710089399744,-1.4903385884883549,-1.4457352672869914,-0.0229885057471264,-2.209011494252874,87
pete-martini,georgia-bulldogs,0.0179419191919191,-1.4612211190198692,-1.387488344988345,-0.0333333333333333,-2.2053833333333333,60
dave-reardon,georgia-bulldogs,-0.0193514309028384,-1.3004635320607083,-1.2252597550648168,-0.0581395348837209,-2.2020232558139536,86
matt-mccoy,washington-huskies,-0.0259459613885079,-0.2981252789752508,-0.2769002273195279,-0.25,-2.200303571428571,56
steve-batterson,iowa-hawkeyes,-0.0630361456206022,-0.2036423730662953,-0.2028439404785735,-1.2285714285714286,-2.200285714285714,70
sam-mckewon,georgia-bulldogs,-0.0395749158907053,-0.9208226874032917,-0.8844982638460901,-0.1891891891891892,-2.197072072072072,111
rob-long,baylor-bears,0.023846027831535,-0.3327779480548269,-0.289523354619973,-0.2407407407407407,-2.1962777777777776,54
jon-wilner,iowa-hawkeyes,-0.0419890751275294,-0.2133100093028723,-0.2146404985197995,-0.953846153846154,-2.1959384615384616,65
gary-horowitz,boise-state-broncos,-0.1314444535640088,-0.1589235572128711,-0.175690377388017,-2.019607843137255,-2.195411764705882,51
dave-reardon,oklahoma-sooners,-0.0201239355860554,-0.4096751743429893,-0.394223692973693,-0.2235294117647059,-2.1946235294117646,85
brian-howell,miami-fl-hurricanes,-0.0535954176722388,-0.2205370934935009,-0.213180788888932,-0.8787878787878788,-2.1930909090909094,66
robert-cessna,notre-dame-fighting-irish,0.0233896784558737,-0.3265469514962151,-0.3031602412637856,0.125,-2.189720588235294,136
andy-greder,michigan-wolverines,0.0036115166713792,-0.3774262203891896,-0.3437355471440111,-0.2916666666666667,-2.1893125,96
andy-greder,florida-gators,-0.0208884970968189,-0.2315072064190629,-0.212950499067362,-0.5844155844155844,-2.185064935064935,77
scott-hamilton,alabama-crimson-tide,-0.0158798873084587,-1.7021055366591076,-1.623565587851302,-0.0952380952380952,-2.1848571428571426,63
brian-howell,tennessee-volunteers,-0.0888775721403099,-0.2504731022112786,-0.2492985881386339,-1.1724137931034482,-2.1841034482758626,58
scott-wolf,alabama-crimson-tide,0.1220176091269841,-1.2742720362103173,-1.215797657203907,0.078125,-2.1805624999999997,64
matt-mccoy,notre-dame-fighting-irish,0.012235830689778,-0.3092538923923136,-0.2914380749103625,0.1052631578947368,-2.176618421052632,76
robert-cessna,baylor-bears,0.0009055603550578,-0.3058100976418984,-0.2768217054215086,-0.2957746478873239,-2.172774647887324,71
steve-batterson,notre-dame-fighting-irish,0.0446803078213334,-0.3203817066626204,-0.2977729364329349,0.1623931623931624,-2.1713760683760683,117
garland-gillen,lsu-tigers,-0.1545798808339947,-0.5677737968821742,-0.5555546400215604,-0.5833333333333334,-2.1704916666666665,120
andy-greder,georgia-bulldogs,-0.0319887057387057,-0.9827868307586146,-0.9449259249951972,0.02,-2.1697499999999996,100
matt-mccoy,georgia-bulldogs,0.0517672137188818,-0.4003197864563746,-0.3649319928510368,-0.0897435897435897,-2.169576923076922,78
matt-murschel,georgia-bulldogs,-0.0188679245283018,-1.8710276729559752,-1.79937106918239,-0.0377358490566037,-2.168981132075472,53
keith-sargeant,wisconsin-badgers,-0.0067327228241701,-0.2458282128914347,-0.243792383323972,-0.3620689655172414,-2.1666206896551725,58
matt-mccoy,wisconsin-badgers,-0.0157230331370887,-0.2465752188969822,-0.2399331504543099,-0.3291139240506329,-2.1659493670886074,79
gary-horowitz,michigan-wolverines,-0.0066309863213745,-0.3124164618686352,-0.2799046982045802,-0.1830985915492957,-2.1658873239436613,71
kirk-bohls,stanford-cardinal,-0.0590930224195576,-0.2472646902174625,-0.2385009691734738,-0.6226415094339622,-2.1655471698113207,53
steve-virgen,alabama-crimson-tide,-0.0273082942097026,-1.616630036578238,-1.57406103286385,0.0,-2.165169014084507,71
jerry-dipaola,clemson-tigers,-0.0373983739837398,-1.1443774133568745,-1.1014227642276422,-0.024390243902439,-2.165,82
garland-gillen,florida-gators,-0.1396572183003959,-0.371188221814874,-0.3560679271563419,-0.6333333333333333,-2.1648222222222224,90
steve-virgen,notre-dame-fighting-irish,0.0233197151107598,-0.43945261455205,-0.4141880446643396,0.2835820895522388,-2.1608507462686566,67
lauren-brownlow,notre-dame-fighting-irish,0.0126095770326539,-0.412094980632764,-0.3897300788703504,0.2179487179487179,-2.1578974358974365,78
brent-axe,ohio-state-buckeyes,0.0524855612963541,-0.7250891888151202,-0.6403204307351543,0.0759493670886076,-2.1575569620253163,79
david-briggs,michigan-wolverines,-0.0669627595763145,-0.5972759412157729,-0.5388495004060434,-0.128,-2.150432,125
lauren-brownlow,wisconsin-badgers,-0.0180079854548734,-0.2583494530792179,-0.2542784668117135,-0.2413793103448276,-2.149637931034482,58
robert-cessna,texas-am-aggies,-0.1165526391773915,-0.3204319782673487,-0.3103061395994273,-0.988095238095238,-2.1488452380952383,84
colten-bartholomew,penn-state-nittany-lions,-0.0782156147945621,-0.315898201196135,-0.3101774408541994,-0.66,-2.14882,50
chris-murray,tennessee-volunteers,-0.2258812596040238,-0.5115203103626523,-0.5119044419742601,-0.8113207547169812,-2.148566037735849,53
matt-mccoy,michigan-wolverines,0.0046054521673716,-0.2751997472629149,-0.2477951987588092,-0.3815789473684211,-2.147592105263158,76
rece-davis,washington-huskies,-0.0645742068304622,-0.3573421646983601,-0.3523346246391914,-0.1311475409836065,-2.146114754098361,61
josh-furlong,penn-state-nittany-lions,-0.0170528248736804,-0.2676180998719515,-0.2613951861740539,-0.1363636363636363,-2.1409999999999996,66
adam-zucker,usc-trojans,-0.025404133938843,-0.2424897236830642,-0.2293006375437861,-0.5056179775280899,-2.140404494382022,89
trevor-hass,georgia-bulldogs,-0.0014273166447079,-1.5172222987157769,-1.4476317161099772,0.0,-2.1395797101449285,69
jerry-dipaola,alabama-crimson-tide,0.0558943089430894,-1.6552172764227642,-1.5996951219512197,0.0,-2.1390365853658535,82
dylan-sinn,notre-dame-fighting-irish,0.0121926595711762,-0.4758305852798849,-0.4539672811546549,0.3043478260869565,-2.1385362318840584,69
chris-murray,stanford-cardinal,-0.0529208510787458,-0.2556510794938789,-0.2442162658761796,-0.4,-2.13612,50
josh-furlong,oklahoma-sooners,-0.0201999026132789,-0.34132353819616,-0.323779686715571,-0.1780821917808219,-2.1356849315068493,73
ryan-aber,iowa-hawkeyes,-0.0775668882573592,-0.1924334106817612,-0.1939559481839494,-1.2857142857142858,-2.1355,56
jerry-dipaola,georgia-bulldogs,0.0851161140446854,-0.4470617787675527,-0.4059637782852068,0.1142857142857142,-2.1326428571428573,70
nathan-baird,clemson-tigers,0.0533232718374706,-0.7945254817930938,-0.7665773205834059,-0.1551724137931034,-2.1325689655172413,58
keith-sargeant,clemson-tigers,0.0240589297920125,-0.7713743399874594,-0.7359632099147128,-0.1948051948051948,-2.1312857142857142,77
bob-asmussen,alabama-crimson-tide,0.0932525348088261,-1.140061532939185,-1.0958771728639278,0.0596026490066225,-2.131,151
adam-zucker,texas-am-aggies,-0.0635839436106083,-0.2600574539461953,-0.2535386997098657,-0.868421052631579,-2.128447368421053,76
chuck-carlton,usc-trojans,-0.0183497948705418,-0.2459289792910335,-0.226590991393884,-0.3620689655172414,-2.1270862068965517,58
johnny-mcgonigal,oregon-ducks,-0.0051948051948051,-0.3076564214395962,-0.282782876165229,0.0392156862745098,-2.125156862745098,51
matt-mccoy,auburn-tigers,-0.0410974850313085,-0.3207374691083703,-0.3129722528536447,-0.0735294117647058,-2.123073529411765,68
bob-asmussen,penn-state-nittany-lions,-0.0062159442531591,-0.2748665770134858,-0.2584757502647026,-0.1224489795918367,-2.1229081632653064,98
jon-wilner,auburn-tigers,-0.0645462748503197,-0.3594328143795522,-0.3489893063338918,-0.5113636363636364,-2.1183863636363633,88
robert-cessna,ohio-state-buckeyes,-0.051649490681904,-0.7897526698985745,-0.7488604120704571,-0.0548780487804878,-2.117036585365854,164
matt-murschel,ohio-state-buckeyes,-0.0073749625636418,-0.6131463371120768,-0.6269249094720792,-0.0943396226415094,-2.1158679245283016,53
ryan-aber,wisconsin-badgers,-0.0384688087413131,-0.2703581027794013,-0.2636440521580464,-0.3548387096774194,-2.1145,62
keith-sargeant,michigan-state-spartans,-0.042439441801262,-0.3503001608885688,-0.3316441003352186,-0.2641509433962264,-2.113603773584906,53
michael-lev,georgia-bulldogs,0.0980528863782165,-0.8562256975398274,-0.811179367962081,0.0136054421768707,-2.1128571428571425,147
blair-kerkhoff,michigan-wolverines,-0.0263697157738699,-0.6478656598886827,-0.5880718408827585,-0.0769230769230769,-2.1120307692307696,65
robert-cessna,ole-miss-rebels,-0.0180249996481586,-0.213972583417507,-0.2103219770244036,-0.3103448275862069,-2.107873563218391,87
michael-lev,ole-miss-rebels,-0.0910439676274522,-0.3478485218814574,-0.3400626474182575,-0.2413793103448276,-2.106712643678162,87
robert-gagliardi,alabama-crimson-tide,-0.0021043771043771,-1.6830999181153945,-1.6050523991000183,-0.0158730158730158,-2.105492063492063,63
bob-asmussen,baylor-bears,-0.0480212559771383,-0.4095003302042908,-0.3649199901427393,-0.1833333333333333,-2.1053999999999995,60
steve-wiseman,oklahoma-sooners,-0.0753255015301294,-0.3468284241465808,-0.3432520600877599,-0.3448275862068966,-2.1036724137931033,58
andy-greder,auburn-tigers,-0.0304857272599592,-0.2110792317745327,-0.2139169903282994,-0.4,-2.1029538461538464,65
pete-martini,alabama-crimson-tide,0.0236429773929773,-1.0516334752211565,-1.0205862193362194,0.0166666666666666,-2.1025833333333335,60
soren-petro,ohio-state-buckeyes,0.00502288510101,-0.5196182325487013,-0.5162890061327561,-0.15625,-2.1025625,64
pat-dooley,oklahoma-sooners,-0.0309279837883956,-0.4250665700650904,-0.4022830023054455,-0.3384615384615385,-2.102092307692308,65
steve-virgen,clemson-tigers,0.0529477784379745,-0.9193966279084084,-0.8752837366830791,-0.0476190476190476,-2.1018253968253973,63
adam-zucker,michigan-wolverines,-0.0336548916721775,-0.5821116102795207,-0.520296952336363,-0.0092592592592592,-2.0999166666666667,108
rece-davis,oregon-ducks,-0.0399111350874951,-0.2894258089378342,-0.2724553714975541,-0.25,-2.099809523809524,84
robert-cessna,miami-fl-hurricanes,-0.0418417453846068,-0.2360783291838444,-0.2225106010021378,-0.5081967213114754,-2.0965081967213113,61
neill-ostrout,oregon-ducks,-0.142720071492349,-0.3746595511412993,-0.3504118613004061,-0.5,-2.0962799999999997,50
john-bednarowski,alabama-crimson-tide,-0.0486111111111111,-1.6632784297188754,-1.6216666666666668,0.04,-2.0959,50
trevor-hass,michigan-wolverines,-0.0016516545082505,-0.687553897423043,-0.6180475904129767,-0.0714285714285714,-2.0955714285714286,56
andy-greder,wisconsin-badgers,-0.0641917277559692,-0.3374455979690995,-0.3372646379515574,-0.1351351351351351,-2.0938513513513515,74
steve-wiseman,ohio-state-buckeyes,0.0048999309868875,-0.6871260151003813,-0.6820048309178744,-0.1014492753623188,-2.092811594202898,69
marc-weiszer,baylor-bears,0.0414477405047078,-0.2498133404962523,-0.2205165295921053,-0.5263157894736842,-2.092368421052631,57
rob-long,georgia-bulldogs,0.0208821169841842,-0.4337765481081218,-0.3958033413534739,0.032258064516129,-2.0884193548387096,93
robert-cessna,florida-gators,-0.0204685443106319,-0.2425197417683704,-0.2237214394909706,-0.25,-2.0873863636363637,88
brent-axe,alabama-crimson-tide,0.0308561691473083,-1.5134070177653929,-1.4535810181379802,0.1139240506329113,-2.086316455696202,79
chuck-carlton,texas-am-aggies,-0.1009350694964505,-0.2708985682982221,-0.2554232612752072,-1.2567567567567568,-2.084878378378378,74
ron-counts,michigan-wolverines,0.0389035976063839,-0.6537677937657737,-0.5917595704948646,0.0,-2.07856,50
david-briggs,alabama-crimson-tide,0.032557387057387,-1.2659693870162032,-1.2191553446553447,0.0533333333333333,-2.0779466666666666,150
matt-baker,oregon-ducks,-0.0594746499559843,-0.294313707570616,-0.2797576340058224,-0.3444444444444444,-2.075766666666667,90
johnny-mcgonigal,georgia-bulldogs,0.0811320754716981,-1.693629559748428,-1.611006289308176,0.0566037735849056,-2.0746415094339627,53
john-clay,georgia-bulldogs,0.0421780228216784,-0.9961231827448288,-0.9354677851880248,-0.015267175572519,-2.0739389312977092,131
aaron-mcmann,lsu-tigers,0.0975707392869864,-0.4824590458879637,-0.4590998733452094,-0.3333333333333333,-2.0738596491228067,57
trevor-hass,ohio-state-buckeyes,-0.0462508884150675,-0.6407412523988806,-0.6520724300575047,-0.1791044776119403,-2.0734179104477612,67
brian-howell,oklahoma-state-cowboys,-0.0418703004408139,-0.246771172329226,-0.2391704349873126,-0.2298850574712643,-2.0726206896551727,87
david-briggs,usc-trojans,-0.0306919856825257,-0.235847978701596,-0.2203632171518594,-0.5308641975308642,-2.0711975308641977,81
chuck-carlton,clemson-tigers,0.0525456723569931,-0.8297265257103059,-0.7992280945359396,0.0660377358490566,-2.067754716981132,106
rob-long,alabama-crimson-tide,0.068850421947767,-1.405061771606959,-1.342277707543194,0.1327433628318584,-2.0670884955752213,113
adam-jude,michigan-state-spartans,-0.0482089685172001,-0.3701786907817118,-0.3481115185495079,-0.0980392156862745,-2.066078431372549,51
matt-baker,georgia-bulldogs,0.1396119053682079,-1.007269184265218,-0.957528349335072,0.1092436974789916,-2.0653445378151263,119
scott-wolf,oklahoma-sooners,-0.3927368882025746,-0.9678537294257258,-0.9348047384618592,-0.4074074074074074,-2.0644074074074075,54
andy-greder,alabama-crimson-tide,0.0499149659863945,-1.4907083410989963,-1.4259353741496597,0.0892857142857142,-2.0641875,112
bob-asmussen,florida-gators,-0.0235162013602808,-0.2098727377602407,-0.1929652531277917,-0.7666666666666667,-2.0636444444444444,90
kirk-bohls,north-carolina-tar-heels,-0.0962459500977283,-0.1968995657743424,-0.1980907420065483,-1.0555555555555556,-2.0631111111111107,54
gary-horowitz,florida-state-seminoles,0.2263661363462753,-0.4698196449525744,-0.4141192926570285,0.0754716981132075,-2.062603773584906,53
tom-murphy,north-carolina-tar-heels,-0.0675431886330595,-0.1600337358222765,-0.15748281519253,-1.1886792452830188,-2.0577169811320752,53
tom-dangelo,utah-utes,-0.0664397413964689,-0.3162115376422166,-0.2792781373210662,-0.0441176470588235,-2.057500000000001,68
steve-batterson,georgia-bulldogs,0.1488047397047396,-0.5856072072262481,-0.5544873773285538,0.112,-2.056664,125
eric-hansen,washington-huskies,-0.0787140050702142,-0.3828156506020132,-0.368391941381427,0.0,-2.052537037037037,54
garry-smits,alabama-crimson-tide,0.1325641204673463,-1.3116460810808903,-1.2588855141274498,0.1774193548387097,-2.0523709677419353,62
jerry-dipaola,texas-am-aggies,-0.0716251074546268,-0.2437935972426471,-0.2297450785953216,-1.1372549019607845,-2.0503333333333336,51
matt-baker,miami-fl-hurricanes,-0.0213459940148122,-0.2433714097184893,-0.2243617584339881,-0.1509433962264151,-2.049358490566038,53
adam-zucker,georgia-bulldogs,0.0859937340614495,-0.8770128336984025,-0.8251542853458037,0.1472868217054263,-2.048550387596899,129
mike-barber,georgia-bulldogs,0.0142353707652215,-1.4903245904937688,-1.4189117438019982,0.1492537313432835,-2.0475671641791044,67
garry-smits,clemson-tigers,-0.0157625944617007,-0.8659363545975869,-0.8083250008965652,0.0566037735849056,-2.0455849056603777,53
garland-gillen,baylor-bears,0.0793974289653787,-0.2580833493904709,-0.2254292189155411,0.1044776119402985,-2.044626865671641,67
aaron-mcmann,ohio-state-buckeyes,-0.0182913165266106,-0.5831870121381886,-0.5870494864612511,-0.1529411764705882,-2.0439411764705886,85
robert-cessna,wisconsin-badgers,-0.0452849073142349,-0.2622302572359458,-0.2594258970563645,-0.33,-2.04362,100
adam-zucker,tennessee-volunteers,-0.0535974796617211,-0.2530946911916332,-0.2475150527073214,-0.6666666666666666,-2.041703703703704,54
sam-mckewon,oregon-ducks,-0.0689968256329812,-0.2951232138537746,-0.2812683640558354,-0.4729729729729729,-2.0415135135135136,74
eric-hansen,alabama-crimson-tide,0.1350793650793651,-1.2794839014679449,-1.2381128747795416,0.1777777777777777,-2.041229629629629,135
brian-howell,ohio-state-buckeyes,0.05048865276138,-0.7020631937663844,-0.6533022533022533,0.0909090909090909,-2.0394615384615387,143
robert-cessna,tcu-horned-frogs,-0.1228249209548173,-0.5212457458940902,-0.4738191040554419,-0.4153846153846154,-2.0373384615384613,65
michael-lev,clemson-tigers,-0.0212360711766652,-0.8180783593850737,-0.7802973951604456,-0.272108843537415,-2.03712925170068,147
eric-hansen,clemson-tigers,-0.0756292197983138,-1.0088959208862285,-0.9614239057330052,-0.232,-2.035616,125
adam-zucker,ohio-state-buckeyes,-0.1128269181351373,-0.9535561429928148,-0.9227547756657344,0.0684931506849315,-2.0355,146
colten-bartholomew,notre-dame-fighting-irish,0.0802827107103422,-0.287093088299423,-0.2557584006949608,0.2678571428571428,-2.033232142857143,56
brett-mcmurphy,florida-gators,-0.096829627691297,-0.3577986135102113,-0.3416667229294655,-0.1463414634146341,-2.0317560975609754,82
steve-virgen,georgia-bulldogs,0.0333109769729488,-0.8738488834559975,-0.8247650627932319,0.1830985915492957,-2.0312957746478877,71
jon-wilner,michigan-wolverines,0.1213586422281007,-0.4043242094622737,-0.3655919843569293,-0.048780487804878,-2.03120325203252,123
adam-zucker,alabama-crimson-tide,0.049254571771128,-1.1544238724006892,-1.110047017000659,0.1721854304635761,-2.0304768211920527,151
josh-furlong,georgia-bulldogs,0.1472898110829145,-1.0953058743008055,-1.0342194523229005,0.1724137931034483,-2.030011494252874,87
steve-batterson,alabama-crimson-tide,0.0021934116112198,-1.4549484757615527,-1.3911364130542212,0.1712328767123287,-2.0293630136986303,146
gary-horowitz,oregon-ducks,-0.0492287332394284,-0.3865001449607126,-0.3708975623463379,-0.4545454545454545,-2.0293272727272726,55
josh-furlong,texas-longhorns,-0.0348531115845338,-0.4035853026791781,-0.3766312633676508,-0.3018867924528302,-2.027396226415094,53
tom-dangelo,clemson-tigers,-0.0308927622085516,-0.9137721499663994,-0.8557274164297018,-0.189873417721519,-2.0255949367088606,79
colten-bartholomew,georgia-bulldogs,0.1032646840339148,-1.3122255700709546,-1.2644214759599373,0.1384615384615384,-2.025123076923077,65
jon-wilner,tcu-horned-frogs,0.0056654685511659,-0.4505929217267342,-0.4211036294238431,-0.5076923076923077,-2.024430769230769,65
soren-petro,alabama-crimson-tide,0.1117845117845117,-1.6317285353535351,-1.5843434343434344,0.1212121212121212,-2.022484848484848,66
jerry-dipaola,penn-state-nittany-lions,0.0041677755037886,-0.2813507304067202,-0.2552615192352284,-0.0161290322580645,-2.0220161290322576,62
robert-cessna,clemson-tigers,-0.0945886602278251,-0.921715597245087,-0.8838750867663848,-0.2397260273972602,-2.021356164383562,146
don-williams,penn-state-nittany-lions,-0.0660007104710568,-0.2809431047316222,-0.2737787856090931,-0.4534883720930232,-2.020918604651163,86
brett-mcmurphy,oklahoma-state-cowboys,-0.0822127718817193,-0.2528265253635428,-0.249535970650833,-0.6976744186046512,-2.0204767441860465,86
kirk-bohls,penn-state-nittany-lions,-0.0702368703646966,-0.3960806165327798,-0.3784329251733557,0.0707070707070707,-2.018060606060606,99
chuck-carlton,utah-utes,-0.0213321479776175,-0.1756898202476355,-0.169053536909856,-0.4516129032258064,-2.01791935483871,62
robert-cessna,north-carolina-tar-heels,-0.0424485894469411,-0.1551473855973416,-0.1530301540209486,-0.7924528301886793,-2.01788679245283,53
blair-kerkhoff,georgia-bulldogs,0.0377390541947504,-1.3401129298812915,-1.2734465955984946,0.1645569620253164,-2.0160253164556967,79
jerry-dipaola,wisconsin-badgers,-0.0075032975901048,-0.2705389313139291,-0.2681601226951192,-0.0434782608695652,-2.0152463768115947,69
neill-ostrout,notre-dame-fighting-irish,0.0534672398308761,-0.4034616558527841,-0.3796163370695456,0.4090909090909091,-2.0118030303030303,66
robert-cessna,alabama-crimson-tide,0.0864497617509665,-1.159630844015494,-1.1117718961092455,0.1746987951807229,-2.0112409638554216,166
josh-furlong,oregon-ducks,-0.0207478858701684,-0.278606179095771,-0.2611657179625929,-0.1375,-2.0042125,80
chuck-carlton,notre-dame-fighting-irish,0.0329962503479015,-0.3527031769458593,-0.3281990596644879,0.2777777777777778,-2.0009555555555556,90
matt-baker,washington-huskies,-0.0596917208671207,-0.3191003889648041,-0.3108373419908222,-0.303030303030303,-2.000924242424242,66
david-jablonski,oklahoma-sooners,-0.0344222847026237,-0.369003260049122,-0.3416147499019988,-0.0185185185185185,-2.0004074074074074,54
david-briggs,penn-state-nittany-lions,-0.0313223522810491,-0.3033850804090856,-0.2866962612550848,-0.0818181818181818,-2.000190909090909,110
matt-mccoy,alabama-crimson-tide,0.1583411433926897,-1.2901074696945676,-1.2292393746001995,0.2371134020618556,-1.999268041237113,97
adam-zucker,iowa-hawkeyes,-0.0882528117066508,-0.2766280650714351,-0.2785058301218455,-0.7301587301587301,-1.9970793650793657,63
garland-gillen,texas-am-aggies,-0.0844397287546749,-0.2779014627359161,-0.2691108295544518,-0.8823529411764706,-1.9969764705882356,85
steve-virgen,ohio-state-buckeyes,-0.0769671201814058,-0.6305074616002225,-0.6437404658833231,-0.1142857142857142,-1.9962714285714287,70
chris-murray,georgia-bulldogs,0.0334146926463781,-0.9336053417246402,-0.8754528024482221,0.1780821917808219,-1.9959246575342464,146
steve-virgen,oklahoma-sooners,-0.0152449814919201,-0.3898844840453457,-0.3659024341594463,-0.0149253731343283,-1.994194029850746,67
neill-ostrout,alabama-crimson-tide,0.1278860028860028,-1.2969177849927849,-1.258369408369408,0.1515151515151515,-1.9932878787878785,66
sam-mckewon,penn-state-nittany-lions,-0.0494331722569338,-0.3329816023454052,-0.3138382277681123,-0.1685393258426966,-1.9903483146067416,89
aaron-mcmann,oklahoma-sooners,-0.0552393233937856,-0.417924286701805,-0.3967490908731318,-0.16,-1.98972,75
adam-jude,auburn-tigers,-0.0180630351591924,-0.3072734549866105,-0.2911223262249248,0.0980392156862745,-1.989666666666667,51
robert-cessna,tennessee-volunteers,-0.0167342805699642,-0.2114514705355956,-0.2081913955584705,-0.5882352941176471,-1.9884509803921568,51
michael-lev,stanford-cardinal,-0.0148803636478527,-0.2059932571432128,-0.1978369749526899,-0.196078431372549,-1.9869803921568627,51
soren-petro,wisconsin-badgers,0.0326821610051931,-0.2107191664763096,-0.2106211267285963,-0.2037037037037037,-1.9868333333333337,54
zach-klein,oregon-ducks,0.0026063873233684,-0.2871574390768313,-0.264138835985335,-0.0377358490566037,-1.985754716981132,53
adam-jude,stanford-cardinal,-0.0271801041167065,-0.2236940680833491,-0.2127359062142642,-0.25,-1.984269230769231,52
dylan-sinn,georgia-bulldogs,0.1495305164319249,-0.7028563199896714,-0.6570087189805498,0.2394366197183098,-1.982774647887324,71
steve-batterson,baylor-bears,-0.0156946969930163,-0.3364944519098267,-0.3016041657385278,-0.1,-1.9795000000000005,70
brian-howell,clemson-tigers,-0.0679526054311614,-1.0191003464082036,-0.9743194472020952,-0.0153846153846153,-1.9755000000000005,130
chris-murray,miami-fl-hurricanes,-0.058679144559868,-0.2904939575749061,-0.2722778808406965,0.0,-1.974438596491228,57
marc-weiszer,alabama-crimson-tide,0.0018625244487313,-1.3406251903184372,-1.2887202835478695,0.1379310344827586,-1.974062068965517,145
sam-mckewon,ohio-state-buckeyes,0.0168720387224324,-0.9472119623173992,-0.9136917544397858,0.0944881889763779,-1.973818897637795,127
chris-murray,washington-huskies,-0.080980422216075,-0.4019229320794942,-0.3914931574126707,-0.0609756097560975,-1.970829268292683,82
john-clay,michigan-state-spartans,-0.1310681945231644,-0.4487355011207729,-0.4201671769205641,-0.173076923076923,-1.970173076923077,52
brent-axe,clemson-tigers,-0.0381876768890498,-0.9112500135881608,-0.8623932887519845,0.1081081081081081,-1.97,74
michael-lev,michigan-wolverines,0.0201193083696489,-0.5002896835520814,-0.4530030456643459,0.04,-1.9663040000000005,125
ferd-lewis,clemson-tigers,-0.0113709988436702,-0.8699276943791862,-0.8321238240716834,-0.0967741935483871,-1.9647258064516124,62
chris-murray,usc-trojans,-0.0217463914365232,-0.2237437491148175,-0.2094240488888569,-0.3369565217391304,-1.9646956521739132,92
tom-murphy,oklahoma-sooners,-0.1220759433236339,-0.506943362744517,-0.4870788490213205,-0.087248322147651,-1.9642348993288592,149
josh-furlong,notre-dame-fighting-irish,0.0908051192753548,-0.2581671225506383,-0.2329268536902173,0.4430379746835443,-1.9633037974683545,79
david-briggs,florida-state-seminoles,-0.0228697336220875,-0.3334782078708643,-0.3191153746272713,0.0338983050847457,-1.9594237288135592,59
michael-lev,lsu-tigers,-0.0102691002033409,-0.3975402644326457,-0.3881572019504243,-0.358974358974359,-1.9592564102564105,117
robert-cessna,oklahoma-sooners,-0.0181420073637591,-0.3519193370293715,-0.33534680306607,-0.1721854304635761,-1.9582847682119209,151
john-clay,tennessee-volunteers,-0.0571367208389793,-0.2343581048373457,-0.2344803866837008,-0.912280701754386,-1.957017543859649,57
tom-murphy,clemson-tigers,-0.0056805865193462,-0.7996121956196143,-0.7630873862552854,-0.1180555555555555,-1.9548055555555552,144
chris-murray,north-carolina-tar-heels,-0.0500710057681761,-0.1556270069301373,-0.1528268696599082,-0.8269230769230769,-1.952673076923077,52
josh-furlong,clemson-tigers,0.0536308412513301,-0.7018705514349743,-0.6672847248352077,-0.1343283582089552,-1.950850746268657,67
rece-davis,oklahoma-state-cowboys,0.0173264412065579,-0.1781354531241537,-0.169399448419903,-0.0140845070422535,-1.9503943661971836,71
steve-virgen,oregon-ducks,-0.058707877017422,-0.2482028528878465,-0.2332573312790555,-0.5932203389830508,-1.9503220338983052,59
brett-mcmurphy,lsu-tigers,-0.1437617772292112,-0.6268745516663796,-0.6159209035451761,-0.0673076923076923,-1.9498365384615384,104
trevor-hass,oregon-ducks,0.0042286904129009,-0.2429547487826033,-0.2209221311038353,-0.2063492063492063,-1.948888888888889,63
blair-kerkhoff,notre-dame-fighting-irish,0.0736167956134816,-0.2579761566812993,-0.2329138385669913,0.3661971830985915,-1.9432676056338032,71
josh-furlong,alabama-crimson-tide,0.0687241876897049,-0.9556989960990132,-0.929010134182548,0.2183908045977011,-1.943057471264368,87
ryan-aber,michigan-wolverines,0.0796690070239118,-0.4319234649958858,-0.384933284796931,0.0109890109890109,-1.9425494505494507,91
garland-gillen,iowa-hawkeyes,-0.0101336718048996,-0.185272223811373,-0.1863188306554413,-0.6029411764705882,-1.942220588235294,68
chuck-carlton,alabama-crimson-tide,0.1156815650236702,-1.409577639103087,-1.35182052353105,0.2105263157894736,-1.941552631578947,114
ryan-aber,georgia-bulldogs,0.083541799331273,-1.0191088347071344,-0.9571311729206464,0.2368421052631578,-1.9408947368421052,114
marc-weiszer,michigan-state-spartans,-0.118702029219745,-0.4287577949384678,-0.408968320813651,-0.2407407407407407,-1.9378148148148149,54
john-clay,ohio-state-buckeyes,0.015527378027378,-0.7365523506419059,-0.6898280585780586,0.1283783783783783,-1.9374594594594596,148
rece-davis,notre-dame-fighting-irish,0.0373146034598992,-0.3282386197654689,-0.3066235741287342,0.25,-1.9355277777777784,108
adam-jude,notre-dame-fighting-irish,0.0433092878913312,-0.3055396996231066,-0.2850802219223272,0.3684210526315789,-1.935473684210526,57
jon-wilner,washington-huskies,-0.0425267101680357,-0.379477294704615,-0.3673804216496643,-0.037037037037037,-1.9349629629629632,81
michael-lev,ohio-state-buckeyes,0.0006914749259246,-0.753683393834258,-0.7381844577538357,0.1272727272727272,-1.934315151515152,165
garry-smits,oklahoma-sooners,-0.0742487222959359,-0.3724348939281653,-0.3559638655691287,-0.3333333333333333,-1.9319500000000005,60
adam-zucker,oregon-ducks,-0.0454368550866196,-0.4150012410460449,-0.3854037467371742,-0.0288461538461538,-1.9318173076923075,104
colten-bartholomew,michigan-wolverines,-0.0963341969627256,-0.9392472178369174,-0.8430020477993491,-0.0566037735849056,-1.931075471698113,53
jon-wilner,ucla-bruins,-0.0460416629126246,-0.1488955352100184,-0.1448596723111535,-1.0357142857142858,-1.9302857142857144,56
matt-baker,clemson-tigers,0.0134838358125539,-0.82574929886837,-0.7943276294834568,-0.2452830188679245,-1.9278867924528305,106
don-williams,texas-am-aggies,-0.0267966452039179,-0.181803630293846,-0.1692025998309969,-1.1896551724137931,-1.92651724137931,58
matt-mccoy,baylor-bears,0.0480969884816038,-0.3071632965768452,-0.265134028140101,0.1538461538461538,-1.922538461538461,52
robert-cessna,michigan-wolverines,-0.0464559583175682,-0.6318252346225687,-0.5609877062050438,0.104,-1.921872,125
josh-furlong,michigan-wolverines,0.0458691061659159,-0.47770951546116,-0.424588939096679,0.0266666666666666,-1.9216,75
pat-dooley,georgia-bulldogs,0.0646034521034521,-0.4983552047814431,-0.4562967632486349,0.2878787878787879,-1.9215151515151516,66
ron-counts,clemson-tigers,-0.0177784550243831,-0.6604428606925826,-0.6186581295051282,-0.392156862745098,-1.918901960784314,51
bob-asmussen,michigan-wolverines,0.02845869574601,-0.4132412034389269,-0.3710666934485039,-0.0924369747899159,-1.9184957983193276,119
adam-zucker,auburn-tigers,-0.0895760335582317,-0.3731455424879885,-0.3663360335590784,-0.0769230769230769,-1.9184230769230768,78
kirk-bohls,oklahoma-state-cowboys,-0.006724950012394,-0.2067160993323721,-0.1996180689495633,-0.0833333333333333,-1.9177916666666668,96
don-williams,washington-huskies,-0.0675020297166065,-0.2790077446062919,-0.2731041475552515,-0.8545454545454545,-1.9153636363636364,55
ross-dellenger,alabama-crimson-tide,0.153031994047619,-1.2480063666801948,-1.1857514880952382,0.34375,-1.9149375,64
john-clay,ole-miss-rebels,-0.0462571676309473,-0.2320675024176205,-0.2287106935895884,-0.2957746478873239,-1.9149154929577463,71
aaron-mcmann,cincinnati-bearcats,0.054720519992895,-0.196531268989502,-0.1917569146732201,-0.711864406779661,-1.914305084745763,59
michael-lev,tcu-horned-frogs,-0.1976910173016251,-0.5714373380711347,-0.5338368182120081,-0.7205882352941176,-1.9136176470588235,68
neill-ostrout,clemson-tigers,-0.0136478889941493,-1.1137416385654644,-1.055607315389924,0.1578947368421052,-1.912877192982456,57
eric-hansen,ohio-state-buckeyes,0.0402532268501539,-0.716590132658333,-0.6839511021106314,0.1729323308270676,-1.9106917293233083,133
johnny-mcgonigal,alabama-crimson-tide,0.085482180293501,-0.7191394846308714,-0.6855874209647795,0.2452830188679245,-1.909283018867924,53
john-bednarowski,clemson-tigers,0.0599999999999999,-1.119878,-1.075666666666667,0.14,-1.90732,50
david-briggs,georgia-bulldogs,0.160757158393446,-0.8587539498563777,-0.804044898555315,0.2230769230769231,-1.9059307692307697,130
matt-brown,utah-utes,-0.0194001156865109,-0.1888589195237694,-0.1790223235705048,-0.1884057971014492,-1.9053478260869563,69
kellis-robinett,clemson-tigers,0.0519932199105718,-0.5891566540947931,-0.5693877746272447,0.25,-1.9048281250000003,64
steve-batterson,florida-state-seminoles,-0.0629787563016822,-0.8945124188344462,-0.8195582057247062,0.1694915254237288,-1.9039661016949152,59
josh-furlong,texas-am-aggies,-0.0566803325835892,-0.2414923251145593,-0.2267335155788989,-0.9411764705882352,-1.9037254901960785,51
pat-dooley,alabama-crimson-tide,0.1533670033670033,-1.5060721291071593,-1.4598370064279154,0.2424242424242424,-1.9012727272727272,66
steve-wiseman,alabama-crimson-tide,0.1154709622100926,-0.8907265270960923,-0.842744373179156,0.2753623188405797,-1.900289855072464,69
garland-gillen,penn-state-nittany-lions,-0.014414973114587,-0.2823671073055778,-0.2647200593914638,-0.0454545454545454,-1.900063636363636,110
marc-weiszer,ohio-state-buckeyes,0.0353378944288035,-0.6879482100778588,-0.6391497391497392,0.1748251748251748,-1.8974475524475525,143
gary-horowitz,oklahoma-sooners,-0.0440683744173446,-0.4075855729389731,-0.3914230446103006,-0.0434782608695652,-1.8964782608695652,92
mike-barber,alabama-crimson-tide,0.0391382575757575,-1.2829340644462457,-1.2293565115440117,0.2,-1.8949625,80
rece-davis,ohio-state-buckeyes,-0.1191996275329608,-0.7859407487825044,-0.7900887099605048,0.0854700854700854,-1.8949145299145305,117
adam-jude,alabama-crimson-tide,0.1213988095238095,-1.4053957714562728,-1.3489177489177488,0.325,-1.8937125,80
adam-zucker,ole-miss-rebels,-0.0002763321598893,-0.2233306378068994,-0.2128669257264602,0.0476190476190476,-1.8904285714285711,84
rece-davis,usc-trojans,-0.0234792781137531,-0.2366759942252588,-0.2179474814846358,-0.2686567164179104,-1.8903134328358209,67
marc-weiszer,usc-trojans,-0.0203360463953494,-0.2276697696851322,-0.2116330941454822,-0.45,-1.8875499999999996,80
kirk-bohls,washington-huskies,-0.1175236522041032,-0.453148171256968,-0.4534866406383435,0.1428571428571428,-1.88612987012987,77
jon-wilner,washington-state-cougars,-0.1186573116216876,-0.1521749527277397,-0.1616374061431605,-1.8,-1.8856,50
chuck-carlton,ohio-state-buckeyes,-0.0310586734693877,-0.6476586354602507,-0.6410405071119357,0.1160714285714285,-1.8852589285714283,112
michael-lev,utah-utes,-0.0557068763775717,-0.2097375863786266,-0.1997896132680181,-0.5865384615384616,-1.884846153846154,104
jon-wilner,alabama-crimson-tide,0.1337677458934944,-1.2530007069595652,-1.2200128547433935,0.3053892215568862,-1.8834910179640716,167
john-clay,utah-utes,-0.0216893196790621,-0.1931810981355023,-0.1796063041918495,-0.1538461538461538,-1.8832197802197808,91
david-jablonski,michigan-wolverines,0.1485247364548141,-0.509278873168102,-0.4533524682248322,0.2264150943396226,-1.881924528301887,53
don-williams,georgia-bulldogs,0.2823405336160438,-0.8929516149504771,-0.8350605177135789,0.3469387755102041,-1.8803775510204088,98
matt-baker,alabama-crimson-tide,0.1513428914689419,-1.0676091621238633,-1.0344010331405291,0.2689075630252101,-1.8796302521008403,119
bob-asmussen,notre-dame-fighting-irish,0.0609560281368028,-0.2807876492077317,-0.2603936991810487,0.3658536585365853,-1.8791626016260168,123
nathan-baird,alabama-crimson-tide,0.2439560439560439,-0.9129001196344968,-0.8866300366300366,0.3076923076923077,-1.875676923076923,65
tom-murphy,notre-dame-fighting-irish,0.0809274332266996,-0.2605024066223934,-0.2392001141083029,0.4130434782608695,-1.8754202898550725,138
adam-zucker,florida-state-seminoles,0.2835019030882371,-0.373446070435621,-0.3356782246391379,0.1578947368421052,-1.8753289473684207,76
bob-asmussen,wisconsin-badgers,-0.1893897576530437,-0.4830833903822214,-0.4791232531946413,-0.1489361702127659,-1.8745531914893616,94
kirk-bohls,clemson-tigers,0.0859151647102221,-0.7338935586917318,-0.6998789200346082,0.0571428571428571,-1.8703214285714287,140
eric-hansen,michigan-wolverines,0.0577665518357224,-0.2554563133444579,-0.2292641953668651,0.1052631578947368,-1.8699894736842104,95
pat-dooley,ohio-state-buckeyes,-0.104986810064935,-0.6823029450588931,-0.6790866251803752,0.078125,-1.8681875,64
john-clay,miami-fl-hurricanes,-0.0283556068477108,-0.192591600924687,-0.1846702396746297,-0.5303030303030303,-1.8675606060606065,66
kirk-bohls,cincinnati-bearcats,0.0604657481105502,-0.2762526585375951,-0.2636536874689424,-0.0784313725490196,-1.867294117647059,51
david-briggs,notre-dame-fighting-irish,0.0210936331688579,-0.3377859604770499,-0.3174500658440286,0.4047619047619047,-1.8656507936507944,126
josh-furlong,ole-miss-rebels,-0.0263651964613063,-0.2142605457023848,-0.2091775904395031,-0.1,-1.8648,50
marc-weiszer,oklahoma-state-cowboys,-0.0335594352128337,-0.2056622312588091,-0.1999163396091194,-0.25,-1.8640543478260871,92
bob-asmussen,usc-trojans,-0.0745104484483338,-0.3250013549709143,-0.3022485412439619,-0.2247191011235955,-1.860719101123595,89
michael-lev,wisconsin-badgers,-0.0249645490261522,-0.2378706889687431,-0.2384789337714388,-0.12,-1.85884,100
matt-mccoy,lsu-tigers,-0.0237094716503789,-0.4833241353860746,-0.4800035280177439,-0.1625,-1.85765,80
neill-ostrout,florida-gators,0.0465059077521838,-0.2445330179254134,-0.2204349247795126,0.3396226415094339,-1.8572264150943392,53
david-jablonski,ohio-state-buckeyes,-0.1417327117327117,-0.9074279659551852,-0.922826617826618,0.1384615384615384,-1.8572,65
matt-baker,utah-utes,0.0073844997712152,-0.1777029993666413,-0.1681184482411094,0.1515151515151515,-1.8570909090909091,66
jerry-dipaola,auburn-tigers,-0.0106853201755899,-0.1894278949997765,-0.1895333116547918,-0.2539682539682539,-1.854269841269841,63
neill-ostrout,michigan-wolverines,0.0400244946124788,-0.2151459812698476,-0.1975638373997487,-0.0384615384615384,-1.8539230769230772,52
marc-weiszer,clemson-tigers,0.0798340947940948,-0.7793635179909145,-0.732268079289132,0.216,-1.8537360000000005,125
brett-mcmurphy,wisconsin-badgers,-0.0173903729718778,-0.2148348130855429,-0.2078209835511897,-0.04,-1.85024,75
blair-kerkhoff,ohio-state-buckeyes,-0.0590754483611626,-0.7145339605357884,-0.7181148216862503,0.0389610389610389,-1.8498181818181816,77
blair-kerkhoff,oklahoma-state-cowboys,-0.0266873444104394,-0.1804795130871345,-0.1743803275576133,-0.4576271186440678,-1.849508474576271,59
kirk-bohls,texas-longhorns,-0.0274075396973811,-0.3557222171702465,-0.3301748514502254,-0.056338028169014,-1.84943661971831,71
aaron-mcmann,michigan-wolverines,0.0329216003755645,-0.2869804308442708,-0.2645596105932624,0.0266666666666666,-1.8490933333333337,75
chuck-carlton,washington-huskies,0.0053423415145903,-0.243920605105933,-0.2242349364794114,0.0757575757575757,-1.8475303030303032,66
soren-petro,georgia-bulldogs,0.0588552861280133,-0.5034017735663732,-0.4558253615071796,0.3636363636363636,-1.845757575757576,66
gary-horowitz,baylor-bears,-0.0106829161176987,-0.455634465146252,-0.4051324738406934,0.2307692307692307,-1.845615384615384,52
jon-wilner,oklahoma-sooners,-0.0324352228122392,-0.4031478900799002,-0.3795152861120556,-0.1184210526315789,-1.8439736842105263,152
michael-lev,usc-trojans,-0.0174381774153569,-0.2047005544531072,-0.1929876119489162,-0.4175824175824176,-1.843527472527472,91
robert-cessna,oklahoma-state-cowboys,-0.0313084047333075,-0.1942017981510642,-0.1919550011618017,-0.4607843137254901,-1.835892156862745,102
michael-lev,alabama-crimson-tide,0.1682647525461896,-1.0583234723271495,-1.021681744735637,0.3532934131736527,-1.8355868263473056,167
matt-mccoy,michigan-state-spartans,0.0004398811144335,-0.2413353237896851,-0.2275091705642587,-0.2833333333333333,-1.8347,60
chris-murray,utah-utes,-0.0911708246776896,-0.2416460731200795,-0.2310651028984586,-0.6216216216216216,-1.834657657657658,111
don-williams,clemson-tigers,0.0054618416536575,-0.8034253848965883,-0.761536936388868,-0.2235294117647059,-1.8344235294117648,85
david-briggs,texas-longhorns,0.0230180027705558,-0.2896087016676724,-0.2651141882412589,0.044776119402985,-1.8318507462686568,67
dave-reardon,michigan-wolverines,0.1129574018990819,-0.4163466252008816,-0.380437479117309,0.216867469879518,-1.8283253012048193,83
brian-howell,utah-utes,-0.0361478148207631,-0.2170696005904182,-0.202333473505401,-0.0555555555555555,-1.826411111111111,90
garland-gillen,usc-trojans,-0.0604237903015136,-0.3153357143012349,-0.2937746175305186,0.0595238095238095,-1.8261785714285712,84
michael-lev,texas-am-aggies,-0.0411100591654153,-0.2379007461378603,-0.2277167248898402,-0.5802469135802469,-1.825666666666667,81
jon-wilner,georgia-bulldogs,0.1066684903171671,-0.8788611648909409,-0.8257407063784306,0.2789115646258503,-1.825251700680272,147
rob-long,usc-trojans,-0.0057424086330541,-0.1683775266670379,-0.1609460574156183,-0.3859649122807017,-1.825140350877193,57
john-clay,oregon-ducks,-0.0127148594850506,-0.2232440410881567,-0.2118495755486854,-0.23,-1.8249800000000005,100
steve-batterson,tcu-horned-frogs,-0.0363069963805257,-0.4707986598190937,-0.4234795528545528,0.1666666666666666,-1.821433333333334,60
ross-dellenger,lsu-tigers,-0.1001567956772509,-0.2368679341541328,-0.2476257672608123,-0.8301886792452831,-1.8193773584905657,53
kirk-bohls,ohio-state-buckeyes,0.0418935171109084,-0.8180012542958413,-0.8028605853667532,0.30625,-1.8189875,160
mike-barber,oklahoma-sooners,0.0379800024536866,-0.3113072075677459,-0.2870837220524105,0.3181818181818182,-1.8175909090909093,66
aaron-mcmann,texas-longhorns,-0.0069360833312517,-0.2580953500891627,-0.2411315221043393,-0.1764705882352941,-1.816,51
aaron-mcmann,oklahoma-state-cowboys,0.0051189583718356,-0.1700173468125552,-0.1649373816507619,-0.25,-1.8154807692307693,52
robert-cessna,georgia-bulldogs,0.1565412253679517,-0.7860488845819341,-0.7484844172344172,0.2702702702702703,-1.813256756756757,148
ryan-aber,cincinnati-bearcats,0.0190130864683294,-0.3059636189789666,-0.2931054397934984,-0.0392156862745098,-1.8126470588235295,51
tom-murphy,ohio-state-buckeyes,0.0412449000863635,-0.6315769542423102,-0.6081236037710684,0.2621951219512195,-1.8121402439024388,164
matt-brown,lsu-tigers,-0.0207214735979607,-0.5400512819676181,-0.520065588401743,0.1282051282051282,-1.807666666666667,78
neill-ostrout,georgia-bulldogs,0.1144824872097599,-0.6747493649792791,-0.6310196537469265,0.4242424242424242,-1.8070151515151516,66
david-briggs,wisconsin-badgers,-0.0019906055416891,-0.2025871008540329,-0.2001502021104816,-0.1111111111111111,-1.8029888888888892,90
robert-cessna,penn-state-nittany-lions,-0.0041294687798254,-0.2800137252288325,-0.2619896320277657,0.0909090909090909,-1.800690909090909,110
tom-dangelo,michigan-wolverines,0.0426686074264159,-0.4667709452136313,-0.4270663444753266,0.1012658227848101,-1.800139240506329,79
pat-dooley,notre-dame-fighting-irish,0.0926730373451684,-0.3573690224444271,-0.3377370209121719,0.5901639344262295,-1.7991311475409837,61
adam-jude,ohio-state-buckeyes,0.058639999794891,-0.7556663766997065,-0.6618493779770953,0.45,-1.7975375,80
john-bednarowski,georgia-bulldogs,0.1222619047619047,-0.4327185830279499,-0.3750446775446774,0.52,-1.7967000000000002,50
brian-howell,texas-longhorns,0.0039636820052728,-0.2745657020491773,-0.2559510887434067,-0.0289855072463768,-1.7961884057971012,69
david-jablonski,alabama-crimson-tide,0.1358219954648526,-0.8266301963714086,-0.7970990517419089,0.3285714285714285,-1.7944857142857142,70
brian-howell,oregon-ducks,-0.0133520887364145,-0.2313407963991254,-0.2228403987114309,-0.1979166666666666,-1.7942083333333334,96
steve-wiseman,michigan-wolverines,0.1096587910526529,-0.5259323257401879,-0.4620076393822326,0.4347826086956521,-1.7935072463768118,69
ryan-aber,clemson-tigers,0.0592730139310106,-0.7817628243671405,-0.7466511664094656,-0.0396039603960396,-1.7925841584158415,101
adam-zucker,baylor-bears,-0.0224408858556015,-0.4009282638037689,-0.3588766676958365,-0.0140845070422535,-1.791225352112676,71
marc-weiszer,texas-am-aggies,-0.0198563727725297,-0.2265621096999195,-0.2126898834251629,-0.3188405797101449,-1.7911884057971017,69
adam-jude,lsu-tigers,-0.0613860389506032,-0.2527075165002109,-0.2635877104176484,-0.359375,-1.789125,64
brett-mcmurphy,alabama-crimson-tide,0.1265450884656182,-1.0691880795082245,-1.0318286018617144,0.4039735099337748,-1.787112582781457,151
matt-baker,cincinnati-bearcats,-0.023960487582454,-0.3103889783351597,-0.29992766288611,-0.3214285714285714,-1.7851785714285715,56
chris-murray,alabama-crimson-tide,0.1349546660923906,-1.0957002186960634,-1.0467865135529806,0.4071856287425149,-1.781694610778443,167
brett-mcmurphy,georgia-bulldogs,0.1298197511137574,-0.9264906530664112,-0.8688105557170785,0.4307692307692308,-1.7804461538461538,130
ron-counts,oklahoma-sooners,-0.068334661824008,-0.459469315583988,-0.4224269509616876,0.2549019607843137,-1.778156862745098,51
johnny-mcgonigal,ohio-state-buckeyes,0.0749176400119796,-0.5306265367338919,-0.5493343134852569,0.2452830188679245,-1.776245283018868,53
scott-hamilton,lsu-tigers,0.0117194077339208,-0.1687225443380758,-0.1722622440015426,-0.3454545454545454,-1.7755636363636365,55
chris-murray,oklahoma-sooners,-0.0120909023743643,-0.3823504255854575,-0.366697153683455,0.1917808219178082,-1.7754794520547947,146
brett-mcmurphy,notre-dame-fighting-irish,0.0500372170313346,-0.3266037239848281,-0.3033493724026232,0.592,-1.7746799999999998,125
dylan-sinn,florida-gators,0.0677636032125196,-0.2554483581330881,-0.2280612089435618,0.5686274509803921,-1.7745490196078428,51
michael-lev,oregon-ducks,0.051845919764558,-0.2368127390574189,-0.2260552959751791,-0.1779661016949152,-1.7738305084745765,118
lauren-brownlow,auburn-tigers,0.0265847004833528,-0.1944738186823195,-0.1911512897922477,0.3725490196078431,-1.7726470588235297,51
john-clay,texas-longhorns,-0.0037949793384576,-0.2880358780894749,-0.2665027658877774,-0.2297297297297297,-1.7716081081081083,74
lauren-brownlow,alabama-crimson-tide,0.1739837398373983,-1.3729837790101682,-1.3217479674796748,0.3780487804878049,-1.771292682926829,82
pete-martini,ohio-state-buckeyes,-0.0588458476389511,-0.6762376282171113,-0.6813131313131313,0.1206896551724138,-1.767,58
garland-gillen,florida-state-seminoles,0.0322862039443512,-0.568069112395618,-0.5132945431602589,0.2467532467532467,-1.7669090909090908,77
chris-murray,tcu-horned-frogs,-0.0333581588087829,-0.369435802159662,-0.3414741755695667,-0.4029850746268656,-1.76534328358209,67
chris-murray,oklahoma-state-cowboys,0.0166047196539464,-0.1669398037622792,-0.1619128465229906,0.0824742268041237,-1.76359793814433,97
brett-mcmurphy,penn-state-nittany-lions,-0.0104446733215166,-0.2456624799234142,-0.2432194688153105,0.1264367816091954,-1.7632758620689652,87
sam-mckewon,alabama-crimson-tide,0.2042749240423659,-1.2606741134960144,-1.2258859357696563,0.3720930232558139,-1.7630697674418607,129
tom-dangelo,ohio-state-buckeyes,0.0313784461152882,-0.7677323149460853,-0.7130124553808764,0.231578947368421,-1.7629052631578948,95
adam-jude,oklahoma-sooners,-0.0194315443802798,-0.3841561058674969,-0.3637127026197674,0.0129870129870129,-1.759792207792208,77
rob-long,oregon-ducks,-0.1688796900286059,-0.6481328212252306,-0.6060820271013668,-0.2033898305084746,-1.7581016949152544,59
bob-asmussen,miami-fl-hurricanes,-0.0360585622748398,-0.2190284493520648,-0.2073531183902886,-0.2741935483870967,-1.7577419354838713,62
andy-greder,notre-dame-fighting-irish,0.0664832077810546,-0.3305416329608299,-0.3073981778025895,0.5454545454545454,-1.7571022727272727,88
chris-murray,texas-am-aggies,-0.0989436847277648,-0.3531452440443635,-0.3453151108933103,-0.1095890410958904,-1.756876712328767,73
ryan-aber,lsu-tigers,-0.144307310687636,-0.7519525060230521,-0.7495555528524066,0.1830985915492957,-1.756830985915493,71
lauren-brownlow,lsu-tigers,-0.003001607376905,-0.60641523006092,-0.5840183266990809,-0.0192307692307692,-1.7567884615384617,52
brett-mcmurphy,usc-trojans,0.0052179815678021,-0.2081785843800648,-0.1951735916123076,-0.0985915492957746,-1.7563380281690144,71
adam-zucker,oklahoma-sooners,-0.0537407493862956,-0.4195960141660833,-0.4000567035316993,0.1221374045801526,-1.7548778625954198,131
bob-asmussen,florida-state-seminoles,-0.0587143222785637,-0.8049044816122141,-0.7435868853438513,0.3783783783783784,-1.7514729729729728,74
steve-batterson,michigan-wolverines,0.0179976672365826,-0.3345249358238641,-0.3033571338840338,0.074074074074074,-1.751296296296296,108
chris-murray,auburn-tigers,-0.0099931375352454,-0.2679317718785235,-0.2610160550110291,0.0813953488372093,-1.7487906976744187,86
blair-kerkhoff,penn-state-nittany-lions,0.0070751652718865,-0.232001928943148,-0.2291664639251301,0.0491803278688524,-1.7483606557377047,61
matt-brown,oklahoma-sooners,-0.0137103446231312,-0.4238685631585043,-0.4027949708004714,0.2912621359223301,-1.7466019417475729,103
david-briggs,oklahoma-sooners,0.0153503569552966,-0.3282432672570595,-0.3101738260019993,0.1567164179104477,-1.7461268656716418,134
rece-davis,michigan-wolverines,0.0433270408496173,-0.4455663921687041,-0.4003852380161538,0.1176470588235294,-1.745901960784314,102
bryce-miller,georgia-bulldogs,0.0936964995788525,-0.725291876091782,-0.6838315279491749,0.4509803921568627,-1.7448627450980394,51
blair-kerkhoff,ole-miss-rebels,0.000725222455563,-0.1762537443585492,-0.1721042876971669,0.02,-1.7448,50
marc-weiszer,cincinnati-bearcats,-0.0041114521725086,-0.3252885990635266,-0.3085798305817427,0.0196078431372549,-1.7427843137254904,51
bob-asmussen,texas-longhorns,-0.011357104425286,-0.3282962989265144,-0.307368716957211,-0.0422535211267605,-1.7400985915492957,71
andy-greder,penn-state-nittany-lions,0.0325021177652756,-0.2532225837802753,-0.2317219158297741,0.2941176470588235,-1.739411764705882,85
eric-hansen,lsu-tigers,-0.0069957005301916,-0.4132840134297831,-0.4066998002545689,-0.1979166666666666,-1.73928125,96
rece-davis,oklahoma-sooners,-0.01717874332949,-0.4376678666671915,-0.4129419452607396,0.284313725490196,-1.7384901960784316,102
rece-davis,georgia-bulldogs,0.2099638689974824,-0.8698176103040538,-0.8155264786567308,0.4369747899159664,-1.7376134453781515,119
chris-murray,ole-miss-rebels,0.0137894705895453,-0.1959470160838133,-0.185675772021722,0.0909090909090909,-1.7373977272727277,88
michael-lev,auburn-tigers,0.04277401441204,-0.2087583815393195,-0.2009540538602536,0.3291139240506329,-1.7370632911392403,79
tom-dangelo,georgia-bulldogs,0.0274919607904057,-1.2452218162877318,-1.165431065146974,0.4204545454545454,-1.7370227272727272,88
chris-murray,clemson-tigers,0.0207570721528577,-0.8399242751620174,-0.7892483083012131,0.3805970149253731,-1.733216417910448,134
rece-davis,florida-gators,0.0449294945250827,-0.2229974353486626,-0.1997599709658533,0.2166666666666666,-1.73295,60
brent-axe,wisconsin-badgers,0.0326858861279341,-0.2140679024181492,-0.21275072819209,0.1016949152542373,-1.7287457627118643,59
robert-gagliardi,wisconsin-badgers,0.0521677524700811,-0.2037066355806543,-0.2043976700973604,0.06,-1.7233200000000002,50
gary-horowitz,florida-gators,0.0017895580358262,-0.183337680681644,-0.1614770831654954,-0.0535714285714285,-1.7231250000000002,56
adam-zucker,notre-dame-fighting-irish,0.0576522789713307,-0.2626353956515094,-0.2386316181163045,0.4876033057851239,-1.7228925619834714,121
chris-murray,ohio-state-buckeyes,0.0394433034184587,-0.7003411947443643,-0.6567710206051983,0.3788819875776397,-1.722583850931677,161
garland-gillen,miami-fl-hurricanes,0.0238894279494401,-0.201913741357983,-0.1852949120930655,0.3392857142857143,-1.721857142857143,56
marc-weiszer,washington-huskies,0.0271994900105759,-0.2807319664320126,-0.2667346775304027,0.3717948717948718,-1.7200897435897435,78
sam-mckewon,oklahoma-state-cowboys,0.0224847105598696,-0.1687048020782985,-0.1630529637508904,0.0238095238095238,-1.7189642857142855,84
sam-mckewon,auburn-tigers,0.002133553869894,-0.1881949350769102,-0.1919505360348817,-0.25,-1.7184166666666665,72
rob-long,michigan-wolverines,0.0827256067155448,-0.2079959772043463,-0.183145386580434,0.1756756756756756,-1.7164864864864864,74
david-jablonski,georgia-bulldogs,0.3565367965367966,-1.073431564295529,-1.020705009276438,0.4428571428571428,-1.7163857142857135,70
rob-long,stanford-cardinal,0.0059970993062752,-0.1892594161697087,-0.1782627977113763,0.0,-1.7163396226415093,53
kirk-bohls,oklahoma-sooners,-0.005548706149417,-0.3592964907497432,-0.3403980045638734,0.0657894736842105,-1.7139078947368422,152
josh-furlong,oklahoma-state-cowboys,-0.0216445564183651,-0.1795985695168765,-0.1697923661324691,-0.3333333333333333,-1.7137999999999998,60
scott-hamilton,oklahoma-sooners,0.0414721008099616,-0.3012626478232164,-0.2820655598881405,0.1451612903225806,-1.7091774193548388,62
tom-murphy,oregon-ducks,0.0011894980273815,-0.3052041832451482,-0.2807574405220761,0.1727272727272727,-1.7090454545454543,110
garland-gillen,ohio-state-buckeyes,0.074806587557048,-0.6156947159557679,-0.5805724584928692,0.3658536585365853,-1.7084817073170733,164
matt-brown,ohio-state-buckeyes,-0.0751011334344667,-0.7408799981259977,-0.7462790296123629,0.2735042735042735,-1.7068803418803422,117
kirk-bohls,oregon-ducks,-0.0568862557118042,-0.4748749815205857,-0.4433300416003338,0.1351351351351351,-1.7053873873873877,111
david-briggs,lsu-tigers,0.0139246883078386,-0.4142722957496352,-0.4010258405543531,0.2323232323232323,-1.7035454545454545,99
lauren-brownlow,ohio-state-buckeyes,0.0352642496392496,-0.4722568438002536,-0.4674386724386725,0.2875,-1.7032,80
matt-brown,alabama-crimson-tide,0.1412273534122273,-1.1172750320755342,-1.0814935064935065,0.4453781512605042,-1.7031596638655462,119
lauren-brownlow,georgia-bulldogs,0.1107162823626237,-0.6185667808673183,-0.5840834301200154,0.4634146341463415,-1.6981463414634148,82
ryan-aber,oregon-ducks,0.0037948011253528,-0.2438602266066227,-0.2293019793733913,0.1688311688311688,-1.6958181818181823,77
garland-gillen,michigan-wolverines,-0.0280727810664105,-0.544147389468632,-0.4892728602304829,0.2384615384615384,-1.6949615384615386,130
ryan-aber,ohio-state-buckeyes,0.0755965742076853,-0.5189022118026055,-0.5275299289188178,0.3703703703703703,-1.6944537037037035,108
nate-mink,clemson-tigers,-0.3108995487942856,-1.4048061182848577,-1.3683597883597889,0.2,-1.6935166666666668,60
ryan-aber,florida-gators,-0.0061150813103125,-0.2361306595275583,-0.2122083676764757,-0.0746268656716417,-1.6921492537313432,67
kirk-bohls,alabama-crimson-tide,0.234984061181666,-1.0492871836032844,-1.014247977571331,0.497005988023952,-1.691874251497006,167
brian-howell,lsu-tigers,0.0160859229722773,-0.3812500698650981,-0.3705857448543381,0.0471698113207547,-1.69161320754717,106
john-clay,oklahoma-sooners,0.0325662235940873,-0.3091469465667095,-0.2903705679075476,0.2,-1.6874666666666671,135
robert-cessna,washington-huskies,0.0168411087433524,-0.27277158276195,-0.2621003375867698,0.2195121951219512,-1.6865609756097562,82
garland-gillen,tcu-horned-frogs,0.0982398631801205,-0.2541073094806402,-0.2258937676906426,-0.0625,-1.68515625,64
adam-jude,clemson-tigers,-0.0215854478343254,-0.8410641446291375,-0.8069790136578946,0.1139240506329113,-1.6843924050632908,79
gary-horowitz,washington-huskies,0.0725980114052009,-0.1955890944977534,-0.1760968608486339,0.4259259259259259,-1.6839074074074074,54
dave-reardon,oklahoma-state-cowboys,0.0199100159663207,-0.2015550347104962,-0.1892987411849304,0.423728813559322,-1.6824406779661016,59
rece-davis,utah-utes,0.0208445128171568,-0.1621714050434601,-0.1531399784251783,0.2575757575757575,-1.6820757575757577,66
andy-greder,clemson-tigers,0.1347926972837074,-0.7295782437910835,-0.693180369205214,0.4095238095238095,-1.6816952380952384,105
aaron-mcmann,penn-state-nittany-lions,0.0473998543473333,-0.1662453021776513,-0.1586243888884339,0.0714285714285714,-1.6806857142857146,70
brian-howell,auburn-tigers,0.0017908036481676,-0.1714107782058156,-0.1715626465587862,-0.1285714285714285,-1.6799285714285717,70
brian-howell,washington-huskies,0.0120918987995647,-0.2757827051907794,-0.2649681379648881,0.1309523809523809,-1.679845238095238,84
bob-asmussen,oklahoma-sooners,0.0325772704538276,-0.2891459967851424,-0.2776604092497963,0.2348484848484848,-1.6784696969696968,132
jon-wilner,clemson-tigers,0.0732127399465437,-0.8109992020810068,-0.7776382240616035,0.2071428571428571,-1.672585714285714,140
jon-wilner,florida-state-seminoles,0.3064638795264763,-0.4415837202432683,-0.417421188578793,0.0875,-1.6720374999999996,80
matt-brown,georgia-bulldogs,0.1557580374807265,-0.93225450892439,-0.8840222919004433,0.5042016806722689,-1.6703865546218486,119
chris-murray,oregon-ducks,0.0088332730296626,-0.2824734348352319,-0.2642477167316697,0.1034482758620689,-1.6702241379310343,116
bob-asmussen,stanford-cardinal,0.0376196898806623,-0.148978015809499,-0.1394142375586319,0.1764705882352941,-1.669470588235294,51
matt-baker,oklahoma-sooners,0.0441894979623456,-0.3367442683959085,-0.3170167238387632,0.3557692307692308,-1.6691538461538462,104
tom-dangelo,alabama-crimson-tide,0.1990123278783072,-0.7302582665284256,-0.7069788458963716,0.4432989690721649,-1.6669278350515462,97
matt-brown,clemson-tigers,0.1599078132751602,-0.6854215383087127,-0.6588426491756244,0.3469387755102041,-1.6668775510204084,98
gary-horowitz,michigan-state-spartans,-0.0584259365208,-0.3646893540369739,-0.3486351417023686,0.0892857142857142,-1.666,56
chris-murray,texas-longhorns,-0.049372928863439,-0.3754303592852158,-0.3488756293620246,-0.081081081081081,-1.6621351351351354,74
tom-murphy,texas-am-aggies,-0.0305958801372719,-0.2075114236478066,-0.2000214442306424,-0.7176470588235294,-1.6619529411764704,85
rob-long,florida-gators,0.0341406914966879,-0.2138735670641339,-0.1931994825983134,0.1052631578947368,-1.6614868421052635,76
scott-hamilton,wisconsin-badgers,0.0257683147605748,-0.2386823210942084,-0.2405874678726846,0.14,-1.6612400000000005,50
ryan-aber,alabama-crimson-tide,0.2213345864661654,-1.0521794737030374,-1.0108791549581022,0.4649122807017544,-1.6598508771929823,114
kellis-robinett,alabama-crimson-tide,0.2635508524397413,-1.1066590365107354,-1.0481677444640407,0.6049382716049383,-1.6594691358024691,81
marc-weiszer,utah-utes,0.0029861058022233,-0.1651205961681097,-0.1495566248812919,0.0,-1.6590681818181816,88
matt-mccoy,utah-utes,0.0152205745599934,-0.1342239435419525,-0.1207406697483011,-0.1379310344827586,-1.6588793103448276,58
bob-asmussen,iowa-hawkeyes,-0.0555546157602352,-0.1738001963602501,-0.1750866247812813,-0.660377358490566,-1.6553962264150943,53
dave-reardon,penn-state-nittany-lions,0.0658340638120049,-0.2626713996070849,-0.2397940727092976,0.5294117647058824,-1.6542500000000002,68
rece-davis,alabama-crimson-tide,0.2056060186312287,-1.014988390855594,-0.9786422727599198,0.4957983193277311,-1.6527394957983197,119
kirk-bohls,notre-dame-fighting-irish,0.0838682341699308,-0.2753779771379289,-0.2528683265362719,0.6376811594202898,-1.6523405797101451,138
soren-petro,notre-dame-fighting-irish,0.080997413976819,-0.3274733909597685,-0.3107208091186419,0.3846153846153846,-1.6518000000000002,65
david-briggs,oregon-ducks,-0.0115870014805941,-0.24218684771426,-0.2289329718902392,0.0421052631578947,-1.6515578947368423,95
david-briggs,clemson-tigers,0.1258370311649663,-0.6972159431104578,-0.6582655527304357,0.3384615384615385,-1.6507615384615386,130
rob-long,wisconsin-badgers,-0.0388261892394466,-0.3022495589217392,-0.3031352638216483,0.2023809523809523,-1.647571428571429,84
brett-mcmurphy,ole-miss-rebels,0.0280402697270029,-0.194854164973296,-0.1851957975051656,0.382716049382716,-1.6453333333333335,81
andy-greder,washington-huskies,0.0036615301218743,-0.2269868050596579,-0.2097768250575654,-0.2352941176470588,-1.6447205882352942,68
keith-sargeant,alabama-crimson-tide,0.2226877289377289,-1.2490462627452004,-1.185472721722722,0.575,-1.6437125,80
ross-dellenger,wisconsin-badgers,-0.0226907436005136,-0.2581262030662385,-0.26026389419736,0.0,-1.643309090909091,55
marc-weiszer,florida-gators,0.019194169287226,-0.1758473249485209,-0.1592323734524136,0.0,-1.6425274725274728,91
rob-long,washington-huskies,0.0355851171836357,-0.2379378265269728,-0.2151907380863366,0.0350877192982456,-1.64159649122807,57
tom-murphy,wisconsin-badgers,-0.0001210145362244,-0.1981291971954576,-0.198721501140559,-0.0099009900990099,-1.6412772277227723,101
don-williams,notre-dame-fighting-irish,0.0946291932654769,-0.2668337977240834,-0.2496332002127005,0.5161290322580645,-1.6393763440860216,93
aaron-mcmann,texas-am-aggies,-0.0317326763192527,-0.2333616813497086,-0.2161241586229511,-0.392156862745098,-1.637294117647059,51
brett-mcmurphy,michigan-state-spartans,-0.0353911154758612,-0.4216379472657146,-0.3899720035970609,0.5254237288135594,-1.6370847457627118,59
david-briggs,washington-huskies,0.0291987760765785,-0.2677736005137053,-0.2571039746621182,0.3766233766233766,-1.63587012987013,77
michael-lev,oklahoma-state-cowboys,-0.0505831938246149,-0.2725201751698655,-0.2688352442089076,0.3793103448275862,-1.6329425287356325,87
ron-counts,georgia-bulldogs,0.2412426035502958,-1.1707031444032554,-1.105896667435129,0.5230769230769231,-1.6326153846153846,65
brian-howell,florida-gators,0.0423200018540431,-0.1852292731227868,-0.1668339126610765,0.2976190476190476,-1.6307619047619049,84
mike-barber,michigan-wolverines,0.1876711897713922,-0.4254065976437766,-0.3674735277468071,0.5,-1.630730769230769,78
marc-weiszer,oklahoma-sooners,-0.0015899856834503,-0.3608171867559903,-0.3391784008477902,0.3023255813953488,-1.6243798449612403,129
david-briggs,florida-gators,0.0127753349013461,-0.2092982739883087,-0.1933784359853213,0.2298850574712643,-1.62116091954023,87
keith-sargeant,washington-huskies,0.0718017316017316,-0.2107619972863404,-0.1890661642279289,0.46,-1.6203,50
dave-reardon,clemson-tigers,0.1197327466135515,-0.700527391628094,-0.6470914079613771,0.4533333333333333,-1.61868,75
steve-batterson,penn-state-nittany-lions,-0.0064660307399637,-0.261997506355594,-0.2400926509376045,-0.010752688172043,-1.6178064516129032,93
josh-furlong,usc-trojans,-0.03293378469299,-0.194243836048618,-0.1835279569656213,-0.5818181818181818,-1.6176181818181814,55
robert-cessna,usc-trojans,0.0170747034082492,-0.2011186735378859,-0.1839537199403838,0.2,-1.6163764705882349,85
steve-wiseman,utah-utes,0.0311840884419202,-0.1565350164699092,-0.1431468868132561,0.4067796610169492,-1.6148305084745769,59
chris-murray,boise-state-broncos,-0.0702153819672011,-0.1007448653361198,-0.1148703115890528,-1.2941176470588236,-1.6094117647058823,51
zach-klein,ohio-state-buckeyes,0.0725748046502763,-0.5176881185105366,-0.5319475074192055,0.4150943396226415,-1.606433962264151,53
garland-gillen,clemson-tigers,0.133896125230951,-0.6260406783642587,-0.5962826562897402,0.3884892086330935,-1.6055395683453235,139
brian-howell,baylor-bears,0.0946120304290239,-0.2096042863071366,-0.1774574021778309,0.2222222222222222,-1.604037037037037,54
chuck-carlton,oregon-ducks,-0.0308172541688653,-0.2224669621157153,-0.2077310766107165,-0.1267605633802817,-1.603830985915493,71
tom-dangelo,cincinnati-bearcats,0.0153383646995221,-0.2932058992043587,-0.2789626504456505,0.1346153846153846,-1.601192307692308,52
scott-hamilton,michigan-wolverines,0.0231261858665461,-0.3329354010130182,-0.2952429856630532,0.3636363636363636,-1.6009272727272728,55
adam-zucker,tcu-horned-frogs,0.0528411630127316,-0.3542804613352837,-0.3158508356344164,0.3888888888888889,-1.599740740740741,54
gary-horowitz,usc-trojans,-0.0292453883712195,-0.2123111465471071,-0.2018818323156769,-0.2,-1.59634,50
conor-oneill,alabama-crimson-tide,0.1581111111111111,-1.3322174307457562,-1.295396825396825,0.54,-1.5959,50
matt-baker,michigan-wolverines,0.1613095829007594,-0.3100567441956515,-0.2696005183327165,0.33,-1.59564,100
robert-cessna,oregon-ducks,-0.0095635080049542,-0.2997964203158858,-0.2805606116983483,0.0508474576271186,-1.5954745762711868,118
ron-counts,alabama-crimson-tide,0.117008547008547,-0.9153849474797752,-0.8831146631146631,0.4923076923076923,-1.5952307692307692,65
david-briggs,iowa-hawkeyes,-0.0507553890298876,-0.1931013650601883,-0.1942262216100984,-0.6486486486486487,-1.5944054054054055,74
steve-virgen,michigan-wolverines,0.0337314770712603,-0.2438309760727579,-0.2154865528924586,0.15,-1.5930833333333336,60
chris-murray,wisconsin-badgers,0.01118135160611,-0.1939981216365897,-0.1906629470391446,0.1717171717171717,-1.5929494949494951,99
sam-mckewon,lsu-tigers,-0.0227352480244111,-0.4804819857848473,-0.471771010060068,0.108433734939759,-1.5909156626506022,83
michael-lev,texas-longhorns,-0.0176111405295166,-0.3469267883791341,-0.3198953067209778,-0.0410958904109589,-1.5903287671232875,73
jerry-dipaola,notre-dame-fighting-irish,0.0901459169173073,-0.3312981088068416,-0.3126425036430665,0.6363636363636364,-1.5892272727272732,66
kellis-robinett,georgia-bulldogs,0.0654452502154707,-0.9099349057235612,-0.8881256886495859,0.55,-1.5866875,80
gary-horowitz,clemson-tigers,0.0838491491687988,-0.7810032875463536,-0.7451916006820719,0.3978494623655914,-1.5864838709677418,93
dave-reardon,ohio-state-buckeyes,0.3555108375420876,-0.559391802723213,-0.534431743025493,0.5520833333333334,-1.5861041666666669,96
mike-barber,texas-longhorns,0.0057484200697822,-0.2024755498764483,-0.1901759972691511,-0.48,-1.5843,50
james-kratch,georgia-bulldogs,0.1266601731601731,-0.6938734381062236,-0.6507813852813853,0.62,-1.5816599999999996,50
conor-oneill,georgia-bulldogs,0.1254229104229104,-0.4269897439981334,-0.3658548118548118,0.74,-1.5766999999999998,50
trevor-hass,penn-state-nittany-lions,0.0384887889887889,-0.211537343048152,-0.2062254053136405,0.4,-1.57052,50
rob-long,auburn-tigers,0.0026078010037121,-0.2565333531645193,-0.2461547307399223,0.1973684210526315,-1.5701315789473689,76
pat-dooley,clemson-tigers,0.2176767676767676,-0.898849957804412,-0.863510101010101,0.5757575757575758,-1.568621212121212,66
jon-wilner,stanford-cardinal,0.0299670056105768,-0.1532079953004468,-0.1444969424514879,0.0,-1.5668909090909091,55
marc-weiszer,texas-longhorns,0.0526363718934449,-0.1695108285700714,-0.1590163579996115,0.2727272727272727,-1.5649242424242424,66
brett-mcmurphy,clemson-tigers,0.0886430348375789,-0.7348141496700348,-0.6900426752841811,0.3414634146341463,-1.560528455284553,123
steve-batterson,florida-gators,0.0327273022949963,-0.1659294010668547,-0.1503364540033583,-0.0112359550561797,-1.5571573033707866,89
andy-greder,texas-am-aggies,0.044683705749109,-0.1601364150886696,-0.1413870237822646,-0.238095238095238,-1.556095238095238,63
david-briggs,texas-am-aggies,0.031694879658636,-0.2020103020205654,-0.1862594304397231,0.2786885245901639,-1.553655737704918,61
brett-mcmurphy,auburn-tigers,-0.0175030854099469,-0.2695128596449782,-0.2683827792411188,0.2537313432835821,-1.552731343283582,67
bob-asmussen,ole-miss-rebels,0.00448315002778,-0.2134605190072433,-0.2062752022175124,0.2957746478873239,-1.5523802816901409,71
matt-baker,oklahoma-state-cowboys,0.0400504961705698,-0.1533518019232722,-0.1450062824983766,0.2191780821917808,-1.5505342465753424,73
steve-batterson,miami-fl-hurricanes,0.015259967905579,-0.1882149377693274,-0.1756162374846229,0.1509433962264151,-1.545566037735849,53
adam-zucker,kansas-state-wildcats,-0.0555415187453959,-0.1236515657260412,-0.1309352043336462,-0.9056603773584906,-1.545528301886793,53
sam-mckewon,tcu-horned-frogs,0.1155037711081189,-0.253992453195317,-0.2150651733887028,0.24,-1.54272,50
steve-batterson,usc-trojans,-0.0031524204689738,-0.2015311925916577,-0.1868264465251002,-0.0649350649350649,-1.5328441558441557,77
rece-davis,iowa-hawkeyes,-0.0357414097790642,-0.1600376534911479,-0.1656577380974219,-0.5686274509803921,-1.532549019607843,51
matt-baker,penn-state-nittany-lions,0.0786739418789592,-0.1800673061827427,-0.1648896651549708,0.3823529411764705,-1.5323921568627452,102
lauren-brownlow,oklahoma-state-cowboys,0.0438819909552718,-0.1476456281134511,-0.1461292279334651,0.0961538461538461,-1.5314615384615382,52
pete-martini,notre-dame-fighting-irish,0.1123958764142701,-0.2906626495108904,-0.2551313306071091,0.8235294117647058,-1.5308823529411766,51
steve-wiseman,oregon-ducks,0.0409066218460628,-0.1787230382898229,-0.1767020604861991,0.1428571428571428,-1.5290535714285711,56
dylan-sinn,cincinnati-bearcats,0.0479038956571464,-0.2582371788573032,-0.2498844364008585,0.02,-1.52564,50
chuck-carlton,penn-state-nittany-lions,0.0450156618027774,-0.2264913349066376,-0.2043329800714241,0.4534883720930232,-1.525593023255814,86
brian-howell,texas-am-aggies,-0.0050580817475756,-0.1898588577949186,-0.1803865446986997,-0.2972972972972973,-1.5216351351351352,74
david-jablonski,notre-dame-fighting-irish,0.0825077830403957,-0.3189689407904884,-0.2874963937900128,0.8813559322033898,-1.521542372881356,59
michael-lev,notre-dame-fighting-irish,0.1015698204207761,-0.2537236323826606,-0.2319198657209605,0.7608695652173914,-1.5193405797101451,138
sam-mckewon,oklahoma-sooners,-0.0132208698828456,-0.4490272984028038,-0.4257898209186617,0.4727272727272727,-1.5193,110
matt-brown,iowa-hawkeyes,-0.0271808906025227,-0.1420692245485712,-0.1455428966163467,-0.5925925925925926,-1.5185925925925925,54
sam-mckewon,stanford-cardinal,0.0367673174760859,-0.1439795806503907,-0.1364160453377717,-0.392156862745098,-1.516921568627451,51
rece-davis,penn-state-nittany-lions,0.0459266684897489,-0.2307669872250559,-0.2124531232441449,0.52,-1.51671,100
eric-hansen,texas-am-aggies,0.0008668461236942,-0.1972643346010026,-0.1893018221657187,-0.2236842105263158,-1.5126578947368423,76
eric-hansen,baylor-bears,-0.134608226339181,-0.6128537640230634,-0.5615093815541422,0.5409836065573771,-1.5110491803278687,61
brian-howell,michigan-wolverines,0.0778238483116444,-0.3717323203414109,-0.3261104509002259,0.3720930232558139,-1.5085891472868218,129
adam-zucker,wisconsin-badgers,0.014705819905364,-0.19550175602404,-0.1937014104269542,0.1954022988505747,-1.5085172413793102,87
adam-zucker,lsu-tigers,0.0651436242560863,-0.2788020271479065,-0.2688408386291965,0.0970873786407767,-1.5059805825242722,103
garland-gillen,wisconsin-badgers,0.0002113937811661,-0.2176257479376474,-0.2144633639078035,0.2365591397849462,-1.4974086021505375,93
mike-barber,oregon-ducks,0.04647385712483,-0.1870593311509083,-0.1691585512780178,0.1551724137931034,-1.4971896551724138,58
bob-asmussen,washington-huskies,0.0686599616979363,-0.2183609993242708,-0.2059298802427423,0.5189873417721519,-1.496974683544304,79
johnny-mcgonigal,michigan-wolverines,0.1755106721050993,-0.5499473887568631,-0.4938132189111064,0.6666666666666666,-1.4955098039215684,51
pat-dooley,wisconsin-badgers,0.0287908986438398,-0.2585625262108995,-0.2543024649642296,0.5294117647058824,-1.4953725490196077,51
kirk-bohls,usc-trojans,-0.0167171962126407,-0.2232129401393365,-0.2072582708494828,-0.108695652173913,-1.493445652173913,92
tom-murphy,michigan-wolverines,0.0267101413250433,-0.4851470356563257,-0.4306351490928181,0.5238095238095238,-1.4879047619047618,126
bob-asmussen,oklahoma-state-cowboys,0.0370050858798923,-0.1561722208226476,-0.1471996861794129,0.5375,-1.4867625,80
bob-asmussen,clemson-tigers,0.1430574227415001,-0.6741538928674548,-0.6306680193509985,0.4545454545454545,-1.4832954545454546,132
brian-howell,north-carolina-tar-heels,0.0025188500566391,-0.113848532525914,-0.111521821982665,-0.2549019607843137,-1.4792549019607844,51
bob-asmussen,texas-am-aggies,-0.0132282699013485,-0.1948269655382422,-0.1933847720089707,-0.3529411764705882,-1.478235294117647,68
matt-brown,notre-dame-fighting-irish,0.0666351247781237,-0.2994417520233342,-0.2805622640276387,0.7264150943396226,-1.4761603773584904,106
adam-zucker,florida-gators,-0.003938180429375,-0.2222619490376113,-0.2030237380328983,0.0649350649350649,-1.4750519480519482,77
matt-brown,michigan-wolverines,0.0827481266536834,-0.4127847264752186,-0.3695982602948306,0.4059405940594059,-1.4749207920792082,101
gary-horowitz,lsu-tigers,0.0670284442781987,-0.3506215227161674,-0.3441756756217194,0.1481481481481481,-1.472135802469136,81
gary-horowitz,utah-utes,0.0214129002467026,-0.1287066482492419,-0.114386304113999,0.0181818181818181,-1.4716,55
matt-baker,notre-dame-fighting-irish,0.0893998077165861,-0.2659179355909873,-0.2459359858041918,0.8240740740740741,-1.470361111111111,108
rece-davis,miami-fl-hurricanes,-0.0174026840033032,-0.2634625063114862,-0.246225916537836,0.58,-1.4662400000000002,50
matt-mccoy,clemson-tigers,0.0839835906297115,-0.7877018553702434,-0.7533678595749532,0.4301075268817204,-1.4649677419354838,93
johnny-mcgonigal,ole-miss-rebels,0.0117636077372919,-0.1753207472145005,-0.1693145865142769,0.3,-1.4648,50
sam-mckewon,miami-fl-hurricanes,0.0091690286837345,-0.1951450003724167,-0.1894100596848275,-0.1,-1.4646,50
jon-wilner,cincinnati-bearcats,-0.0317985922141078,-0.2558142837541302,-0.2513812675899083,-0.8059701492537313,-1.4637761194029852,67
john-clay,lsu-tigers,0.10609300988869,-0.2806171839663022,-0.2693410511756506,0.2803738317757009,-1.4594205607476634,107
matt-mccoy,florida-gators,0.0205361012257794,-0.1306296209248925,-0.1147338182290456,-0.2238805970149253,-1.456164179104478,67
brett-mcmurphy,texas-longhorns,-0.016831854442081,-0.3690551717667369,-0.3446880093822536,0.3661971830985915,-1.4540845070422532,71
steve-batterson,clemson-tigers,0.1110204620295887,-0.7531936959474599,-0.7098245777035999,0.5891472868217055,-1.4506666666666668,129
garland-gillen,michigan-state-spartans,0.0487822440879218,-0.2198792986103467,-0.1976778389652897,0.5211267605633803,-1.4461690140845074,71
john-clay,oklahoma-state-cowboys,0.0164185401310219,-0.1708310677644359,-0.1627163672173197,0.3260869565217391,-1.4455978260869569,92
keith-sargeant,georgia-bulldogs,0.0499411358434096,-0.3655295273794048,-0.3468924411065201,0.4918032786885246,-1.4431475409836063,61
tom-murphy,oklahoma-state-cowboys,0.044101551122945,-0.1451577488129299,-0.1388347274416579,0.4516129032258064,-1.441967741935484,93
chuck-carlton,michigan-wolverines,0.0767107569745879,-0.3322006893064362,-0.2933745541524178,0.4456521739130434,-1.4372608695652178,92
kirk-bohls,michigan-wolverines,0.0517422745087018,-0.5412473709648586,-0.4811153353129095,0.7241379310344828,-1.4361293103448276,116
robert-cessna,boise-state-broncos,-0.0716544345080513,-0.0946665161655224,-0.1101483386709288,-1.2692307692307692,-1.4358076923076923,52
keith-sargeant,oklahoma-sooners,0.0227919427207352,-0.3519770858988359,-0.3291731955122047,0.48,-1.43548,75
brent-axe,oklahoma-sooners,0.0287260636268227,-0.3256494978355773,-0.3053531634191331,0.5068493150684932,-1.4353150684931506,73
david-jablonski,oregon-ducks,0.1116518060483577,-0.1764839087237342,-0.1584022060315163,0.5689655172413793,-1.4350172413793103,58
michael-lev,oklahoma-sooners,0.0354492451401233,-0.3360805262908283,-0.3146519083235574,0.5310344827586206,-1.4349655172413796,145
jon-wilner,byu-cougars,-0.0236583771331045,-0.1103756330672443,-0.1192286226298959,-0.7692307692307693,-1.4339807692307696,52
robert-cessna,lsu-tigers,0.0861159413290355,-0.2690676242657117,-0.2594516948244242,0.2393162393162393,-1.43291452991453,117
james-kratch,alabama-crimson-tide,0.3355555555555555,-1.0772989083587654,-1.0546666666666666,0.74,-1.4323199999999998,50
matt-baker,usc-trojans,0.0107607359761081,-0.1880172346855627,-0.1721116656235784,0.0289855072463768,-1.4320434782608695,69
david-briggs,ole-miss-rebels,0.0244637737063469,-0.1605677083716263,-0.1599790646757991,0.3076923076923077,-1.4317538461538462,65
rob-long,florida-state-seminoles,0.2122632873611748,-0.4866291015749334,-0.4178361650793813,0.7843137254901961,-1.4228823529411765,51
michael-lev,michigan-state-spartans,0.0880758661849003,-0.2085840375115226,-0.1875530716555854,0.6716417910447762,-1.4200149253731342,67
brian-howell,georgia-bulldogs,0.1068633417864187,-0.9368459603037363,-0.8769506338008415,0.6692307692307692,-1.416276923076923,130
ferd-lewis,oklahoma-sooners,0.0113286535477208,-0.2625503087589969,-0.2411508850747613,0.2295081967213114,-1.4152295081967214,61
rob-long,oklahoma-state-cowboys,-0.0304234750893994,-0.1833840105680168,-0.1817993625175745,-0.2463768115942029,-1.4137246376811594,69
dylan-sinn,alabama-crimson-tide,0.2947965571205008,-1.0601586799251914,-1.024766274414162,0.7746478873239436,-1.4085915492957746,71
marc-weiszer,oregon-ducks,0.009260633104473,-0.2044527121502368,-0.1919656668075051,0.2795698924731182,-1.4080967741935486,93
michael-lev,miami-fl-hurricanes,0.0211850938269094,-0.1731286468892805,-0.1627795238313439,0.1612903225806451,-1.4056774193548385,62
adam-zucker,utah-utes,-0.0111146281466106,-0.2059727070807862,-0.1866370966498459,0.2826086956521739,-1.402934782608696,92
robert-cessna,cincinnati-bearcats,0.048345521744065,-0.2509331723363672,-0.2394286194665432,0.3148148148148148,-1.4028333333333332,54
tom-murphy,texas-longhorns,0.0635985623460005,-0.2426617695398565,-0.2197551371451617,0.3098591549295774,-1.4009999999999996,71
chuck-carlton,lsu-tigers,0.0612877793846239,-0.4001510824520674,-0.382018302151871,0.2638888888888889,-1.3994861111111112,72
chris-murray,baylor-bears,0.1799997454206596,-0.1801460750548678,-0.1492147054033898,0.4788732394366197,-1.3981267605633805,71
brian-howell,michigan-state-spartans,-0.0222929195509681,-0.2550532333165277,-0.2354588188214851,-0.1034482758620689,-1.3961551724137933,58
kirk-bohls,auburn-tigers,0.0586137900917162,-0.2216208766322921,-0.2114502097891387,0.7662337662337663,-1.3951688311688313,77
david-briggs,michigan-state-spartans,-0.0122931267248316,-0.2451481617709186,-0.2279236884880765,0.0169491525423728,-1.3942542372881357,59
garland-gillen,oklahoma-sooners,0.0355514506193363,-0.3261169648215309,-0.3067868283498121,0.5833333333333334,-1.3896666666666668,144
dylan-sinn,oregon-ducks,0.0319035128967068,-0.2037684887655932,-0.189232444449992,0.3214285714285714,-1.3877321428571427,56
marc-weiszer,iowa-hawkeyes,0.023985635994616,-0.1590551445932283,-0.1583452783999418,0.180327868852459,-1.387,61
dave-reardon,notre-dame-fighting-irish,0.1074719251877834,-0.1672802778374439,-0.1476500719018778,1.037037037037037,-1.3831111111111112,81
tom-murphy,washington-huskies,-0.0032783868765276,-0.2845353532579658,-0.2727582738850188,0.1647058823529411,-1.3831058823529407,85
michael-lev,penn-state-nittany-lions,0.0331961729004488,-0.2539488170089403,-0.2340285401781401,0.660377358490566,-1.3817735849056605,106
tom-murphy,florida-state-seminoles,0.2185726665892491,-0.3283854229281653,-0.3052602857652844,0.5256410256410257,-1.3812564102564104,78
marc-weiszer,wisconsin-badgers,0.0380485601521182,-0.1651347345777247,-0.1627538389067812,0.3,-1.376677777777778,90
john-clay,notre-dame-fighting-irish,0.1284479280609311,-0.193288350776964,-0.1771277177434928,0.7364341085271318,-1.375782945736434,129
marc-weiszer,auburn-tigers,0.0125034212414148,-0.1546110296775105,-0.1567796911432068,0.136986301369863,-1.3732328767123287,73
kirk-bohls,florida-state-seminoles,0.113530320898029,-0.4717843377391774,-0.4363088357110273,0.7105263157894737,-1.3731578947368424,76
chris-murray,michigan-wolverines,0.2349213492553624,-0.2435027885878727,-0.2033111712517316,0.5813953488372093,-1.3706434108527132,129
garland-gillen,texas-longhorns,-0.0256899148865907,-0.3219239502767632,-0.2993510014021859,0.0394736842105263,-1.369526315789474,76
robert-cessna,iowa-hawkeyes,0.0024569700360367,-0.168816255025577,-0.1673236320852695,0.0151515151515151,-1.3693030303030305,66
dave-reardon,utah-utes,0.0318813804186553,-0.1741345277031412,-0.1519067526560142,0.5211267605633803,-1.365380281690141,71
gary-horowitz,wisconsin-badgers,0.0434414127719081,-0.1992177341912055,-0.1929476594320449,0.6216216216216216,-1.3646621621621624,74
chris-murray,notre-dame-fighting-irish,0.0738160887810764,-0.2643330151038869,-0.2439464189836866,0.8297872340425532,-1.3572765957446808,141
jon-wilner,ole-miss-rebels,0.0199176281127713,-0.2687321248402002,-0.2596647716318768,0.65,-1.35425,80
marc-weiszer,ole-miss-rebels,0.0093753985259692,-0.144366415831448,-0.1436981899429534,0.2238805970149253,-1.3535074626865673,67
lauren-brownlow,oklahoma-sooners,0.0927221976777684,-0.3208866946252757,-0.2945341140258292,0.6753246753246753,-1.353467532467533,77
marc-weiszer,penn-state-nittany-lions,0.0578297293207019,-0.2158991698778489,-0.196194945507547,0.6732673267326733,-1.3529999999999995,101
david-briggs,tcu-horned-frogs,0.1135410223121246,-0.2402715018540626,-0.2033249930673613,0.320754716981132,-1.349377358490566,53
marc-weiszer,lsu-tigers,0.0389198426603165,-0.347907918119612,-0.3328062905731111,0.2019230769230769,-1.346471153846154,104
keith-sargeant,florida-state-seminoles,0.0409133484042941,-0.7754567692915506,-0.7108236917264898,0.7924528301886793,-1.345622641509434,53
steve-batterson,utah-utes,0.0485257086820878,-0.1252276051451324,-0.1115794418111415,0.2784810126582278,-1.3429746835443035,79
chuck-carlton,cincinnati-bearcats,0.0113380978825979,-0.2899592737330015,-0.2781183908087382,0.2727272727272727,-1.3413818181818185,55
robert-cessna,texas-longhorns,0.1188318129948901,-0.1771929810289081,-0.1599971680229477,0.3676470588235294,-1.3401029411764704,68
brent-axe,tcu-horned-frogs,0.0642189846716222,-0.2773282199097639,-0.2465469971107112,0.2884615384615384,-1.3395576923076922,52
adam-zucker,clemson-tigers,0.1373833519586806,-0.586866774580403,-0.550520465300147,0.4573643410852713,-1.338480620155039,129
eric-hansen,penn-state-nittany-lions,0.0653399639086868,-0.1940796874905823,-0.1766828752403678,0.3414634146341463,-1.337939024390244,82
nathan-baird,notre-dame-fighting-irish,0.1542205639851069,-0.2581959149932224,-0.2287063126072414,1.1578947368421053,-1.3374385964912283,57
david-briggs,oklahoma-state-cowboys,0.0480509463780003,-0.1308840137867237,-0.1241296420594831,0.3789473684210526,-1.3317894736842109,95
kirk-bohls,florida-gators,0.0288984759650394,-0.1847771446065453,-0.1689181871881427,0.2777777777777778,-1.3303222222222222,90
mike-barber,notre-dame-fighting-irish,0.0761112625795011,-0.2316801357915381,-0.215784820706592,0.9285714285714286,-1.329964285714286,56
matt-brown,texas-am-aggies,0.0260516314270249,-0.1778741995502162,-0.1637463892920725,0.0769230769230769,-1.3288846153846154,52
matt-mccoy,oklahoma-state-cowboys,0.0132907568561021,-0.1381741812733368,-0.1366703827705497,0.2,-1.3284399999999998,50
tom-murphy,usc-trojans,0.0426025811467806,-0.1647663399470989,-0.1507803240220789,0.3295454545454545,-1.3281704545454545,88
garland-gillen,notre-dame-fighting-irish,0.1151932629053787,-0.2346751285826991,-0.2124254232945678,1.0147058823529411,-1.3262426470588238,136
chris-murray,penn-state-nittany-lions,0.0644961339620782,-0.1903083270206161,-0.1773421449286303,0.5135135135135135,-1.321126126126126,111
brett-mcmurphy,ohio-state-buckeyes,0.3389923453191819,-0.5413653665810865,-0.5171732673456811,0.7724137931034483,-1.3210827586206897,145
matt-brown,oklahoma-state-cowboys,0.0575803294557501,-0.1276969056155344,-0.1197023330680283,0.4594594594594595,-1.3209054054054057,74
jon-wilner,penn-state-nittany-lions,0.0659126693065236,-0.2202593072334277,-0.2096526314459822,0.4953271028037383,-1.3142429906542057,107
matt-brown,auburn-tigers,0.0305570910636039,-0.1939334089237394,-0.1918918606941182,0.8269230769230769,-1.3062307692307693,52
don-williams,oklahoma-state-cowboys,0.1063983695886313,-0.0847464766596338,-0.0739532756954653,0.0909090909090909,-1.3054545454545456,55
brian-howell,penn-state-nittany-lions,0.062858888063922,-0.2051123570988209,-0.1913054891153739,0.5865384615384616,-1.3041346153846154,104
matt-mccoy,stanford-cardinal,0.0599837531749296,-0.1340988444778615,-0.1230942246047576,0.6,-1.2970599999999997,50
chris-murray,lsu-tigers,-0.0072076047471811,-0.4090159428103026,-0.3976704822183926,0.4561403508771929,-1.2958333333333336,114
garland-gillen,oklahoma-state-cowboys,0.0615005342481253,-0.1385334759772329,-0.1309023924753864,0.7752808988764045,-1.2953370786516851,89
dylan-sinn,oklahoma-sooners,0.0404224088810059,-0.3337609907589599,-0.3138141209165399,0.6865671641791045,-1.2944776119402983,67
matt-brown,cincinnati-bearcats,0.0011780084412905,-0.2714359392242628,-0.2593646427614312,0.0,-1.2852758620689655,58
john-clay,usc-trojans,-0.0128717334369358,-0.2481383187220202,-0.2243681448148667,0.382716049382716,-1.2783086419753087,81
lauren-brownlow,michigan-wolverines,0.0512842156553456,-0.2348271544217351,-0.2075609307278943,0.5833333333333334,-1.2755500000000002,60
kirk-bohls,iowa-hawkeyes,0.0077693884165818,-0.16916235692959,-0.1685637086893856,0.1384615384615384,-1.2688769230769232,65
ron-counts,oregon-ducks,0.0999484920537552,-0.1562143342596597,-0.1328537933801091,0.5614035087719298,-1.2599999999999998,57
sam-mckewon,michigan-state-spartans,0.0409641691880501,-0.2423221905869524,-0.2261518487645187,-0.1525423728813559,-1.2548474576271187,59
matt-mccoy,oregon-ducks,0.0449130850261741,-0.2920551260481638,-0.276342306946798,0.4074074074074074,-1.2530925925925926,54
steve-batterson,ole-miss-rebels,0.0893187011442208,-0.1242823592317924,-0.116538147518171,0.7142857142857143,-1.2525873015873017,63
steve-virgen,texas-am-aggies,0.0072199535910817,-0.1756267277355982,-0.1596037843793568,-0.1296296296296296,-1.2505555555555556,54
neill-ostrout,oklahoma-sooners,0.1025518851333387,-0.264939892866094,-0.2470847790373426,0.6984126984126984,-1.249952380952381,63
chris-murray,florida-state-seminoles,0.0334324606120427,-0.6014723896476398,-0.5435785586038752,0.7051282051282052,-1.2482051282051283,78
marc-weiszer,notre-dame-fighting-irish,0.0980558864418555,-0.2458557707539022,-0.2260562140296852,0.9590163934426228,-1.2481311475409835,122
john-clay,cincinnati-bearcats,0.0155330546413913,-0.279384718473775,-0.2649852270672891,0.3518518518518518,-1.2429074074074078,54
keith-sargeant,lsu-tigers,-0.0222980336601379,-0.2300180564910415,-0.2387881787462709,0.3548387096774194,-1.2397419354838712,62
garland-gillen,cincinnati-bearcats,0.1384630135529288,-0.164301837234244,-0.154393261167952,0.5192307692307693,-1.23725,52
adam-jude,florida-state-seminoles,0.1770537095674032,-0.5702170972290177,-0.4906717214409521,0.9230769230769232,-1.2313846153846155,52
john-clay,texas-am-aggies,-0.007695636266736,-0.1784925155900331,-0.165429030902143,-0.2133333333333333,-1.2288800000000002,75
gary-horowitz,stanford-cardinal,0.0687201701532559,-0.1045449119287591,-0.0972857933458671,0.4807692307692308,-1.2237692307692307,52
david-briggs,auburn-tigers,0.0256893987351633,-0.1612408501214117,-0.1599765200730565,0.5735294117647058,-1.2181470588235292,68
adam-zucker,texas-longhorns,0.0325873589893543,-0.2797648634512764,-0.2565613383030981,0.2033898305084746,-1.2136610169491526,59
kirk-bohls,georgia-bulldogs,0.2877332775746088,-0.6170944116374789,-0.5802051562166063,0.8783783783783784,-1.2081756756756754,148
brian-howell,wisconsin-badgers,0.0739998499187409,-0.1448829076820945,-0.14242965771683,0.5647058823529412,-1.206894117647059,85
eric-hansen,florida-state-seminoles,0.4927044383937229,-0.2148603739932121,-0.1780135989200317,0.9444444444444444,-1.1973518518518518,54
sam-mckewon,clemson-tigers,0.3171688712934007,-0.611351698208357,-0.570357440611233,0.8306451612903226,-1.1938306451612903,124
andy-greder,utah-utes,0.0310392602815131,-0.1279641159546017,-0.1175569590076479,0.4590163934426229,-1.18844262295082,61
steve-batterson,texas-am-aggies,0.0478851025857688,-0.1643788823680454,-0.1520281905730821,0.3918918918918919,-1.1835405405405406,74
don-williams,utah-utes,0.0704180439756009,-0.0898216912516344,-0.0774359100331334,0.3181818181818182,-1.1769393939393942,66
garland-gillen,utah-utes,-0.0312606219969868,-0.230541398047038,-0.2078624280636308,0.4242424242424242,-1.1768484848484846,99
ryan-aber,texas-longhorns,0.0217715422776989,-0.2182979422895265,-0.2040066781680991,0.4285714285714285,-1.1765396825396823,63
rece-davis,cincinnati-bearcats,0.0059403748774121,-0.2655112339610562,-0.2548291941988206,0.0833333333333333,-1.1738500000000005,60
colten-bartholomew,oklahoma-sooners,0.1592202636544742,-0.196721032378578,-0.1698076458883094,0.9,-1.16664,50
brett-mcmurphy,oklahoma-sooners,0.0567013649038992,-0.265049264717466,-0.254482439265361,0.813953488372093,-1.158356589147287,129
tom-murphy,michigan-state-spartans,0.1200919658232217,-0.1498893572652471,-0.1312855042874811,0.8260869565217391,-1.153478260869565,69
chuck-carlton,florida-gators,0.0637394876651842,-0.1590055554930539,-0.1399691565539997,0.76,-1.1524666666666663,75
eric-hansen,oklahoma-sooners,0.143045171893079,-0.2021841403642511,-0.1842437496259603,0.6614173228346457,-1.1483307086614174,127
bob-asmussen,lsu-tigers,0.0379000530505115,-0.3192875545422106,-0.3072120484506315,0.4615384615384615,-1.1442051282051284,117
scott-wolf,ohio-state-buckeyes,0.3751703099160726,-0.4561508903536059,-0.3891307139188495,1.2372881355932204,-1.1433728813559323,59
bob-asmussen,tennessee-volunteers,0.077312293915235,-0.1266243112073193,-0.1200414046737576,0.5,-1.1391199999999997,50
brett-mcmurphy,florida-state-seminoles,0.0311641737006422,-0.7113737428592243,-0.6777697949135503,0.9041095890410958,-1.138945205479452,73
ross-dellenger,clemson-tigers,0.2336063283082786,-0.5154782991944475,-0.474953205409596,0.9649122807017544,-1.122491228070175,57
chris-murray,iowa-hawkeyes,-0.0118187529192278,-0.1737554286049808,-0.1738860356020904,0.0857142857142857,-1.120671428571428,70
marc-weiszer,miami-fl-hurricanes,0.0736756420912913,-0.1356478253321825,-0.1241340189997383,0.9245283018867924,-1.110509433962264,53
steve-batterson,cincinnati-bearcats,0.1319295518977321,-0.1428831212191,-0.1369521017603539,0.4259259259259259,-1.1029999999999998,54
brian-howell,tcu-horned-frogs,0.0932842120883186,-0.2610663161332088,-0.2214389640136199,0.5849056603773585,-1.094188679245283,53
chuck-carlton,wisconsin-badgers,0.0979466518256331,-0.1470188644418641,-0.1439583787409182,0.958904109589041,-1.0804520547945209,73
robert-gagliardi,lsu-tigers,0.0613333692882668,-0.1443483662026397,-0.1465027655398413,0.5283018867924528,-1.0751698113207546,53
nate-mink,cincinnati-bearcats,0.1598594795079206,-0.1715585960311827,-0.1589227722454318,0.6923076923076923,-1.065923076923077,52
garland-gillen,oregon-ducks,0.0968456258953943,-0.1929916302546464,-0.174722971065679,0.6902654867256637,-1.061867256637168,113
ryan-aber,utah-utes,0.0546107784216305,-0.1289419593363074,-0.1163640292335725,0.8125,-1.059453125,64
matt-brown,florida-gators,0.0861646095252652,-0.1797648403109007,-0.1583461467319366,1.0163934426229508,-1.0565081967213117,61
kellis-robinett,ohio-state-buckeyes,0.2161987318237318,-0.2742463033275696,-0.2804575855375087,1.0625,-1.0500875,80
brent-axe,lsu-tigers,0.0409429780602381,-0.1565314823876714,-0.1637769159822909,0.5833333333333334,-1.0493000000000003,60
tom-murphy,tennessee-volunteers,0.0570348553060788,-0.1107351601289064,-0.1083390216279397,0.1607142857142857,-1.0485714285714285,56
david-briggs,tennessee-volunteers,-0.0507144733491482,-0.3218022653747726,-0.3240242321857592,0.48,-1.04108,50
chuck-carlton,texas-longhorns,0.0276476652686826,-0.0947840367566066,-0.0926723453035594,0.2692307692307692,-1.0381346153846154,52
brent-axe,florida-state-seminoles,0.1221500075431964,-0.6101081191576299,-0.5283636556082377,1.18,-1.0290399999999995,50
david-briggs,baylor-bears,0.1580827260003857,-0.1779260824257631,-0.1403269201213566,0.9215686274509804,-1.0143725490196078,51
bob-asmussen,north-carolina-tar-heels,0.0200868136978111,-0.0839125905818267,-0.0807258054496915,0.2,-1.00686,50
rob-long,lsu-tigers,0.1281921963633836,-0.362325793690694,-0.3464932823095388,0.8108108108108109,-0.997108108108108,74
rob-long,utah-utes,0.1017388412319456,-0.0614024339638751,-0.0489798637887821,0.2909090909090909,-0.996836363636364,55
tom-murphy,iowa-hawkeyes,0.0267938043504896,-0.1390215929144642,-0.1384810923631505,0.3230769230769231,-0.9948153846153848,65
steve-batterson,auburn-tigers,0.1130713442334539,-0.1222416481024709,-0.1163162126257501,0.9759036144578314,-0.9921927710843372,83
robert-cessna,kansas-state-wildcats,-0.0092473100619632,-0.0942556774743821,-0.100596457849433,0.0196078431372549,-0.987,51
gary-horowitz,auburn-tigers,0.0787854372428492,-0.1872816278992281,-0.1809924200456849,1.0606060606060606,-0.9621515151515152,66
brett-mcmurphy,michigan-wolverines,0.2492305530231226,-0.2739704035554094,-0.2337891751127045,1.162162162162162,-0.960873873873874,111
chuck-carlton,auburn-tigers,0.0472792907377428,-0.1306917024205296,-0.1342002461947027,0.7575757575757576,-0.9587727272727272,66
eric-hansen,michigan-state-spartans,0.1090183358952708,-0.1770984745195534,-0.1595683380431176,0.9852941176470588,-0.9583382352941174,68
eric-hansen,florida-gators,0.1193071679514832,-0.13573115169921,-0.1168852968535268,0.9078947368421052,-0.9498421052631576,76
brent-axe,michigan-wolverines,0.1326369402011816,-0.2349370851088138,-0.1950118726302936,1.18,-0.94396,50
bob-asmussen,auburn-tigers,0.1023882858808311,-0.1415001820888293,-0.1342701185621179,1.0263157894736843,-0.943578947368421,76
robert-cessna,utah-utes,0.0934939213583981,-0.0669817002475145,-0.05444053569954,0.5841584158415841,-0.9429900990099008,101
andy-greder,usc-trojans,0.0939029473778971,-0.1721198975815559,-0.1451697024963831,0.8928571428571429,-0.9401785714285712,56
keith-sargeant,auburn-tigers,0.1268377067161441,-0.1410679768012211,-0.1270755075913517,1.0980392156862746,-0.9117254901960784,51
ryan-aber,usc-trojans,0.0879501733677598,-0.1339766745776306,-0.114134995887587,0.75,-0.9085,60
jon-wilner,ohio-state-buckeyes,0.3945367088679191,-0.4946819073591474,-0.4647346084280378,1.2547770700636942,-0.90471974522293,157
brian-howell,ole-miss-rebels,0.0395892268249356,-0.1496543018240394,-0.1450138086869734,0.7794117647058824,-0.9015588235294116,68
john-clay,tcu-horned-frogs,0.0564781194327972,-0.2503398333170506,-0.2155936079334107,0.0689655172413793,-0.9011724137931034,58
brett-mcmurphy,cincinnati-bearcats,0.1769157800366577,-0.1434586042571665,-0.1314489007238704,0.9215686274509804,-0.9003725490196078,51
david-briggs,miami-fl-hurricanes,0.0779832186290443,-0.1288489801992126,-0.1142797979760775,1.0338983050847457,-0.8983220338983051,59
brett-mcmurphy,baylor-bears,0.1778892795569385,-0.1845960827816002,-0.1464437476339119,1.3692307692307693,-0.8921076923076923,65
steve-wiseman,lsu-tigers,0.1464600522459621,-0.3309167718158951,-0.3063040084020151,0.7868852459016393,-0.8905245901639345,61
kirk-bohls,michigan-state-spartans,0.0927376908069079,-0.1665573509552144,-0.1483402318324481,0.7285714285714285,-0.8903285714285716,70
rece-davis,wisconsin-badgers,0.1264309908980027,-0.1007376531914836,-0.0957532745995567,1.0172413793103448,-0.8834137931034483,58
kellis-robinett,penn-state-nittany-lions,0.1563532779777308,-0.1088975220958253,-0.0892785811776684,0.8620689655172413,-0.8807931034482759,58
chris-murray,kansas-state-wildcats,0.0150126209914513,-0.0608138842501864,-0.0652453962230265,-0.0192307692307692,-0.8800576923076926,52
matt-baker,texas-longhorns,0.1092322508441482,-0.1789147436087241,-0.1625217000462419,0.6428571428571429,-0.8799571428571431,70
dave-reardon,oregon-ducks,0.1316320612095259,-0.1409110432193673,-0.1233656049019571,1.0704225352112675,-0.8788591549295772,71
ryan-aber,washington-huskies,0.1059966329477262,-0.1763535792179155,-0.1675615350743207,1.1311475409836065,-0.868409836065574,61
adam-jude,michigan-wolverines,0.1886634932721152,-0.1424613024159844,-0.1111679433180645,1.0943396226415094,-0.8646792452830186,53
matt-brown,wisconsin-badgers,0.1135570505005121,-0.1156055302055462,-0.11313179990572,0.984126984126984,-0.8613492063492065,63
kellis-robinett,michigan-wolverines,0.1686378792759941,-0.236788606495641,-0.2031730458037048,1.2592592592592593,-0.8603518518518518,54
brett-mcmurphy,iowa-hawkeyes,0.0452386941712136,-0.1213687305496436,-0.1212945897777707,0.4375,-0.8454375000000002,64
robert-cessna,auburn-tigers,0.0864456950248377,-0.156467520238647,-0.1483955441809714,1.0731707317073171,-0.8322073170731705,82
brian-howell,iowa-hawkeyes,0.0351840537996756,-0.1267716235663744,-0.1277645254924483,0.4696969696969697,-0.8273939393939395,66
kellis-robinett,oregon-ducks,0.2218879772188595,-0.1455087148017282,-0.1199640703730049,1.1428571428571428,-0.7683035714285713,56
james-kratch,notre-dame-fighting-irish,0.2088913586413586,-0.2367403467521253,-0.2038959939842293,1.78,-0.7243600000000001,50
eric-hansen,oregon-ducks,0.0741426990926266,-0.2951959115958289,-0.2622417522230936,1.0120481927710845,-0.7238433734939759,83
tom-dangelo,florida-gators,0.1372088464432962,-0.1461061799072894,-0.1189248656712771,1.509090909090909,-0.7142727272727275,55
steve-batterson,lsu-tigers,0.2083428303458134,-0.1651521494973084,-0.159438850181248,0.8817204301075269,-0.7108494623655915,93
adam-jude,georgia-bulldogs,0.1682445906583837,-0.2886267498326341,-0.2607368294641434,1.5172413793103448,-0.7039999999999998,58
kirk-bohls,wisconsin-badgers,0.1036388879283316,-0.1232276299253827,-0.1203367254376196,0.9891304347826086,-0.677,92
sam-mckewon,florida-gators,0.1491892056591331,-0.0822787031192658,-0.063397093089765,1.1097560975609757,-0.666439024390244,82
dave-reardon,usc-trojans,0.1335306957715761,-0.1546931641903472,-0.1242585576096516,1.2222222222222223,-0.6469074074074075,54
tom-dangelo,lsu-tigers,0.109430159645817,-0.5129258954165377,-0.4808431487560006,1.3559322033898304,-0.6454237288135592,59
sam-mckewon,texas-am-aggies,0.1289749340466651,-0.0977059058933133,-0.083031831032198,0.9375,-0.6383593750000001,64
lauren-brownlow,florida-gators,0.1780646221742624,-0.0836795230490256,-0.0607188906428257,1.396551724137931,-0.6308965517241379,58
michael-lev,cincinnati-bearcats,0.1226781545129728,-0.1798305836381011,-0.1627040768573486,0.9807692307692308,-0.6042115384615385,52
kirk-bohls,ole-miss-rebels,0.0651265944667647,-0.1998549606240912,-0.1914459456736933,1.425,-0.5103375,80
nate-mink,michigan-wolverines,0.2760603913630229,-0.1182388569610316,-0.0939356680471231,1.42,-0.4923800000000001,50
matt-baker,texas-am-aggies,0.1101524511665247,-0.0683820540288656,-0.0575418238410669,0.631578947368421,-0.4098245614035088,57
tom-murphy,stanford-cardinal,0.1224187269252486,-0.0650671868734827,-0.0548575868575868,1.32,-0.3719800000000001,50
bob-asmussen,tcu-horned-frogs,0.1429263231143655,-0.2359385132272336,-0.1990293393481,1.5081967213114753,-0.3709836065573771,61
mike-barber,utah-utes,0.1038134209049241,-0.0347189795692096,-0.0265868021338993,1.037037037037037,-0.3508518518518518,54
eric-hansen,iowa-hawkeyes,0.1190401290838369,-0.0852871803960675,-0.0836033347244235,1.3529411764705883,-0.3452352941176472,51
adam-jude,oklahoma-state-cowboys,0.0603907588957433,-0.0651463732088134,-0.0688700755427074,0.6274509803921569,-0.3430588235294118,51
tom-dangelo,ole-miss-rebels,0.0963863301884365,-0.0764538759323003,-0.075363163913584,1.4821428571428572,-0.3395714285714287,56
rob-long,texas-am-aggies,0.1515628464384425,-0.0708832539202491,-0.063870669318492,1.3392857142857142,-0.2171071428571429,56
garland-gillen,washington-huskies,0.2225930706477381,-0.0701050959447732,-0.0593134635190269,1.8625,-0.1407749999999999,80
michael-lev,iowa-hawkeyes,0.0776870752283709,-0.1078175038850462,-0.1090472502092614,1.253968253968254,-0.1160793650793652,63
eric-hansen,oklahoma-state-cowboys,0.1745311477093597,-0.0288915636772803,-0.0277211952342209,1.8472222222222223,-0.0580138888888888,72
bob-asmussen,kansas-state-wildcats,0.058037657715033,-0.0285479180924758,-0.0334530748830187,0.9230769230769232,-0.0119615384615385,52
dylan-sinn,michigan-wolverines,0.1885210313422387,-0.1112591490764743,-0.0875682010958267,1.9807692307692308,0.0736538461538459,52
bob-asmussen,utah-utes,0.1617152752693763,-0.0117138424679618,0.0014084221903241,1.7777777777777777,0.0885333333333333,90
jon-wilner,baylor-bears,0.5336082787285996,0.0695190503717781,0.1104656258812957,2.363636363636364,0.4471818181818183,66
